﻿brand,product_name,color_name,img_url,img_file,date,time
네이밍,[볼륨광택] 네이밍 시럽 멜팅 스틱 1.7g 8종,BREVITY 브레버티,https://image.oliveyoung.co.kr/cfimages/cf-goods/uploads/images/options/item/2024/4/6122004767607853018.jpg?RS=100x0&QT=85&SF=webp&sharpen=1x0.5,네이밍_BREVITY 브레버티.jpg,2025-11-24,11:43:40
네이밍,[볼륨광택] 네이밍 시럽 멜팅 스틱 1.7g 8종,KNELL 넬,https://image.oliveyoung.co.kr/cfimages/cf-goods/uploads/images/options/item/2024/4/997805620040034026.jpg?RS=100x0&QT=85&SF=webp&sharpen=1x0.5,네이밍_KNELL 넬.jpg,2025-11-24,11:43:40
네이밍,[볼륨광택] 네이밍 시럽 멜팅 스틱 1.7g 8종,UPTICK 업틱,https://image.oliveyoung.co.kr/cfimages/cf-goods/uploads/images/options/item/2024/4/3921020442383227077.jpg?RS=100x0&QT=85&SF=webp&sharpen=1x0.5,네이밍_UPTICK 업틱.jpg,2025-11-24,11:43:40
네이밍,[볼륨광택] 네이밍 시럽 멜팅 스틱 1.7g 8종,RIZZ 리즈,https://image.oliveyoung.co.kr/cfimages/cf-goods/uploads/images/options/item/2024/4/2961400861176935152.jpg?RS=100x0&QT=85&SF=webp&sharpen=1x0.5,네이밍_RIZZ 리즈.jpg,2025-11-24,11:43:40
네이밍,[볼륨광택] 네이밍 시럽 멜팅 스틱 1.7g 8종,FURTIVE 퍼티브,https://image.oliveyoung.co.kr/cfimages/cf-goods/uploads/images/options/item/2024/4/6552218263492961546.jpg?RS=100x0&QT=85&SF=webp&sharpen=1x0.5,네이밍_FURTIVE 퍼티브.jpg,2025-11-24,11:43:40
네이밍,[볼륨광택] 네이밍 시럽 멜팅 스틱 1.7g 8종,ANN 안,https://image.oliveyoung.co.kr/cfimages/cf-goods/uploads/images/options/item/2024/7/6721180830092213999.jpg?RS=100x0&QT=85&SF=webp&sharpen=1x0.5,네이밍_ANN 안.jpg,2025-11-24,11:43:40
네이밍,[볼륨광택] 네이밍 시럽 멜팅 스틱 1.7g 8종,TENZE 텐즈,https://image.oliveyoung.co.kr/cfimages/cf-goods/uploads/images/options/item/2024/7/1571117956523550553.jpg?RS=100x0&QT=85&SF=webp&sharpen=1x0.5,네이밍_TENZE 텐즈.jpg,2025-11-24,11:43:40
네이밍,[볼륨광택] 네이밍 시럽 멜팅 스틱 1.7g 8종,MANDY 맨디,https://image.oliveyoung.co.kr/cfimages/cf-goods/uploads/images/options/item/2024/7/7303981353828008455.jpg?RS=100x0&QT=85&SF=webp&sharpen=1x0.5,네이밍_MANDY 맨디.jpg,2025-11-24,11:43:40
롬앤,롬앤 제로 매트 립스틱,21 스모크드 베이지,https://image.oliveyoung.co.kr/cfimages/cf-goods/uploads/images/options/item/2022/9/6315363696754123335.jpg?RS=100x0&QT=85&SF=webp&sharpen=1x0.5,롬앤_21 스모크드 베이지.jpg,2025-11-24,11:43:40
롬앤,롬앤 제로 매트 립스틱,22 모브 빈즈,https://image.oliveyoung.co.kr/cfimages/cf-goods/uploads/images/options/item/2022/9/475119716932853256.jpg?RS=100x0&QT=85&SF=webp&sharpen=1x0.5,롬앤_22 모브 빈즈.jpg,2025-11-24,11:43:40
롬앤,롬앤 제로 매트 립스틱,01 더스티핑크,https://image.oliveyoung.co.kr/cfimages/cf-goods/uploads/images/options/item/2020/8/545825921271428489.jpg?RS=100x0&QT=85&SF=webp&sharpen=1x0.5,롬앤_01 더스티핑크.jpg,2025-11-24,11:43:40
롬앤,롬앤 제로 매트 립스틱,02 올 댓 재즈,https://image.oliveyoung.co.kr/cfimages/cf-goods/uploads/images/options/item/2020/8/6217530507291342944.jpg?RS=100x0&QT=85&SF=webp&sharpen=1x0.5,롬앤_02 올 댓 재즈.jpg,2025-11-24,11:43:40
롬앤,롬앤 제로 매트 립스틱,03 실루엣,https://image.oliveyoung.co.kr/cfimages/cf-goods/uploads/images/options/item/2020/8/7243807980260488164.jpg?RS=100x0&QT=85&SF=webp&sharpen=1x0.5,롬앤_03 실루엣.jpg,2025-11-24,11:43:40
롬앤,롬앤 제로 매트 립스틱,04 비포 선셋,https://image.oliveyoung.co.kr/cfimages/cf-goods/uploads/images/options/item/2020/8/6587798307360781515.jpg?RS=100x0&QT=85&SF=webp&sharpen=1x0.5,롬앤_04 비포 선셋.jpg,2025-11-24,11:43:40
롬앤,롬앤 제로 매트 립스틱,05 이브닝,https://image.oliveyoung.co.kr/cfimages/cf-goods/uploads/images/options/item/2020/8/8064504524408013160.jpg?RS=100x0&QT=85&SF=webp&sharpen=1x0.5,롬앤_05 이브닝.jpg,2025-11-24,11:43:40
롬앤,롬앤 제로 매트 립스틱,06 어썸,https://image.oliveyoung.co.kr/cfimages/cf-goods/uploads/images/options/item/2020/8/8140705600467554305.jpg?RS=100x0&QT=85&SF=webp&sharpen=1x0.5,롬앤_06 어썸.jpg,2025-11-24,11:43:40
롬앤,롬앤 제로 매트 립스틱,07 엔비 미,https://image.oliveyoung.co.kr/cfimages/cf-goods/uploads/images/options/item/2020/8/7663972885761392881.jpg?RS=100x0&QT=85&SF=webp&sharpen=1x0.5,롬앤_07 엔비 미.jpg,2025-11-24,11:43:40
롬앤,롬앤 제로 매트 립스틱,08 어도러블,https://image.oliveyoung.co.kr/cfimages/cf-goods/uploads/images/options/item/2020/8/2170675825366118809.jpg?RS=100x0&QT=85&SF=webp&sharpen=1x0.5,롬앤_08 어도러블.jpg,2025-11-24,11:43:40
롬앤,롬앤 제로 매트 립스틱,09 쉘 누드,https://image.oliveyoung.co.kr/cfimages/cf-goods/uploads/images/options/item/2020/8/2154360936741315606.jpg?RS=100x0&QT=85&SF=webp&sharpen=1x0.5,롬앤_09 쉘 누드.jpg,2025-11-24,11:43:40
롬앤,롬앤 제로 매트 립스틱,10 핑크 샌드,https://image.oliveyoung.co.kr/cfimages/cf-goods/uploads/images/options/item/2020/8/8926418240703851723.jpg?RS=100x0&QT=85&SF=webp&sharpen=1x0.5,롬앤_10 핑크 샌드.jpg,2025-11-24,11:43:40
롬앤,롬앤 제로 매트 립스틱,11 선라이트,https://image.oliveyoung.co.kr/cfimages/cf-goods/uploads/images/options/item/2020/8/6905576617829417284.jpg?RS=100x0&QT=85&SF=webp&sharpen=1x0.5,롬앤_11 선라이트.jpg,2025-11-24,11:43:40
롬앤,롬앤 제로 매트 립스틱,12 썸띵,https://image.oliveyoung.co.kr/cfimages/cf-goods/uploads/images/options/item/2020/8/8147456667426432035.jpg?RS=100x0&QT=85&SF=webp&sharpen=1x0.5,롬앤_12 썸띵.jpg,2025-11-24,11:43:40
롬앤,롬앤 제로 매트 립스틱,13 레드 카펫,https://image.oliveyoung.co.kr/cfimages/cf-goods/uploads/images/options/item/2020/8/4460289671945872071.jpg?RS=100x0&QT=85&SF=webp&sharpen=1x0.5,롬앤_13 레드 카펫.jpg,2025-11-24,11:43:40
롬앤,롬앤 제로 매트 립스틱,14 스윗 피,https://image.oliveyoung.co.kr/cfimages/cf-goods/uploads/images/options/item/2020/8/4479854383181010023.jpg?RS=100x0&QT=85&SF=webp&sharpen=1x0.5,롬앤_14 스윗 피.jpg,2025-11-24,11:43:40
롬앤,롬앤 제로 매트 립스틱,15 미드 나잇,https://image.oliveyoung.co.kr/cfimages/cf-goods/uploads/images/options/item/2020/8/4343050221962458020.jpg?RS=100x0&QT=85&SF=webp&sharpen=1x0.5,롬앤_15 미드 나잇.jpg,2025-11-24,11:43:40
롬앤,롬앤 제로 매트 립스틱,16 대즐 레드,https://image.oliveyoung.co.kr/cfimages/cf-goods/uploads/images/options/item/2020/8/5029752965884803356.jpg?RS=100x0&QT=85&SF=webp&sharpen=1x0.5,롬앤_16 대즐 레드.jpg,2025-11-24,11:43:40
롬앤,롬앤 제로 매트 립스틱,17 레드 히트,https://image.oliveyoung.co.kr/cfimages/cf-goods/uploads/images/options/item/2020/8/5847192993352550848.jpg?RS=100x0&QT=85&SF=webp&sharpen=1x0.5,롬앤_17 레드 히트.jpg,2025-11-24,11:43:40
롬앤,롬앤 제로 매트 립스틱,18 태닝 레드,https://image.oliveyoung.co.kr/cfimages/cf-goods/uploads/images/options/item/2020/8/7440609570978226431.jpg?RS=100x0&QT=85&SF=webp&sharpen=1x0.5,롬앤_18 태닝 레드.jpg,2025-11-24,11:43:40
롬앤,롬앤 제로 매트 립스틱,19 레드 서퍼,https://image.oliveyoung.co.kr/cfimages/cf-goods/uploads/images/options/item/2020/8/5359206687803185648.jpg?RS=100x0&QT=85&SF=webp&sharpen=1x0.5,롬앤_19 레드 서퍼.jpg,2025-11-24,11:43:40
롬앤,롬앤 제로 매트 립스틱,20 레드다이브,https://image.oliveyoung.co.kr/cfimages/cf-goods/uploads/images/options/item/2020/8/3308995955560549747.jpg?RS=100x0&QT=85&SF=webp&sharpen=1x0.5,롬앤_20 레드다이브.jpg,2025-11-24,11:43:40
하트퍼센트,[NEW/기획] 하트퍼센트 도트 온 무드 라인프루프 립펜슬 0.8g 6종 (단품/기획),[기획] 05뉴트럴그레이(+무디그레이프),https://image.oliveyoung.co.kr/cfimages/cf-goods/uploads/images/options/item/2025/11/6227362022689090374.jpg?RS=100x0&QT=85&SF=webp&sharpen=1x0.5,하트퍼센트_[기획] 05뉴트럴그레이(+무디그레이프).jpg,2025-11-24,11:43:40
하트퍼센트,[NEW/기획] 하트퍼센트 도트 온 무드 라인프루프 립펜슬 0.8g 6종 (단품/기획),01 누디 베이지,https://image.oliveyoung.co.kr/cfimages/cf-goods/uploads/images/options/item/2025/11/1793242791953539187.png?RS=100x0&QT=100&SF=webp&sharpen=1x0.5,하트퍼센트_01 누디 베이지.jpg,2025-11-24,11:43:40
하트퍼센트,[NEW/기획] 하트퍼센트 도트 온 무드 라인프루프 립펜슬 0.8g 6종 (단품/기획),02 핑크 무스,https://image.oliveyoung.co.kr/cfimages/cf-goods/uploads/images/options/item/2025/11/8467581555665309459.png?RS=100x0&QT=100&SF=webp&sharpen=1x0.5,하트퍼센트_02 핑크 무스.jpg,2025-11-24,11:43:40
하트퍼센트,[NEW/기획] 하트퍼센트 도트 온 무드 라인프루프 립펜슬 0.8g 6종 (단품/기획),03 로즈 코튼,https://image.oliveyoung.co.kr/cfimages/cf-goods/uploads/images/options/item/2025/11/696382474727991615.png?RS=100x0&QT=100&SF=webp&sharpen=1x0.5,하트퍼센트_03 로즈 코튼.jpg,2025-11-24,11:43:40
하트퍼센트,[NEW/기획] 하트퍼센트 도트 온 무드 라인프루프 립펜슬 0.8g 6종 (단품/기획),04 코지 핑크,https://image.oliveyoung.co.kr/cfimages/cf-goods/uploads/images/options/item/2025/11/1630100430773440913.png?RS=100x0&QT=100&SF=webp&sharpen=1x0.5,하트퍼센트_04 코지 핑크.jpg,2025-11-24,11:43:40
하트퍼센트,[NEW/기획] 하트퍼센트 도트 온 무드 라인프루프 립펜슬 0.8g 6종 (단품/기획),[단품] 05 뉴트럴 그레이,https://image.oliveyoung.co.kr/cfimages/cf-goods/uploads/images/options/item/2025/11/499543151624087519.png?RS=100x0&QT=100&SF=webp&sharpen=1x0.5,하트퍼센트_[단품] 05 뉴트럴 그레이.jpg,2025-11-24,11:43:40
하트퍼센트,[NEW/기획] 하트퍼센트 도트 온 무드 라인프루프 립펜슬 0.8g 6종 (단품/기획),[단품] 06 뮤트 피치,https://image.oliveyoung.co.kr/cfimages/cf-goods/uploads/images/options/item/2025/11/1885836651705240693.png?RS=100x0&QT=100&SF=webp&sharpen=1x0.5,하트퍼센트_[단품] 06 뮤트 피치.jpg,2025-11-24,11:43:40
3CE,3CE 소프트 매트 립스틱 3.5g 15종,웨이백,https://image.oliveyoung.co.kr/cfimages/cf-goods/uploads/images/options/item/2022/4/727770499136606734.PNG?RS=100x0&QT=85&SF=webp&sharpen=1x0.5,3CE_웨이백.jpg,2025-11-24,11:43:41
3CE,3CE 소프트 매트 립스틱 3.5g 15종,워미시 무브,https://image.oliveyoung.co.kr/cfimages/cf-goods/uploads/images/options/item/2022/4/1854185762237636703.PNG?RS=100x0&QT=85&SF=webp&sharpen=1x0.5,3CE_워미시 무브.jpg,2025-11-24,11:43:41
3CE,3CE 소프트 매트 립스틱 3.5g 15종,헤이지 로즈,https://image.oliveyoung.co.kr/cfimages/cf-goods/uploads/images/options/item/2022/4/5079101501038998714.PNG?RS=100x0&QT=85&SF=webp&sharpen=1x0.5,3CE_헤이지 로즈.jpg,2025-11-24,11:43:41
3CE,3CE 소프트 매트 립스틱 3.5g 15종,칠 무브,https://image.oliveyoung.co.kr/cfimages/cf-goods/uploads/images/options/item/2022/4/8811313025078169068.PNG?RS=100x0&QT=85&SF=webp&sharpen=1x0.5,3CE_칠 무브.jpg,2025-11-24,11:43:41
3CE,3CE 소프트 매트 립스틱 3.5g 15종,머머링,https://image.oliveyoung.co.kr/cfimages/cf-goods/uploads/images/options/item/2022/4/371192633241457477.PNG?RS=100x0&QT=85&SF=webp&sharpen=1x0.5,3CE_머머링.jpg,2025-11-24,11:43:41
3CE,3CE 소프트 매트 립스틱 3.5g 15종,레드 뮤즈,https://image.oliveyoung.co.kr/cfimages/cf-goods/uploads/images/options/item/2022/4/5663286524484510771.PNG?RS=100x0&QT=85&SF=webp&sharpen=1x0.5,3CE_레드 뮤즈.jpg,2025-11-24,11:43:41
3CE,3CE 소프트 매트 립스틱 3.5g 15종,스모크 핑크,https://image.oliveyoung.co.kr/cfimages/cf-goods/uploads/images/options/item/2022/4/3671703317615788837.PNG?RS=100x0&QT=85&SF=webp&sharpen=1x0.5,3CE_스모크 핑크.jpg,2025-11-24,11:43:41
3CE,3CE 소프트 매트 립스틱 3.5g 15종,스피크 투 미,https://image.oliveyoung.co.kr/cfimages/cf-goods/uploads/images/options/item/2022/4/8385255068721470137.PNG?RS=100x0&QT=85&SF=webp&sharpen=1x0.5,3CE_스피크 투 미.jpg,2025-11-24,11:43:41
3CE,3CE 소프트 매트 립스틱 3.5g 15종,포커스 온 미,https://image.oliveyoung.co.kr/cfimages/cf-goods/uploads/images/options/item/2022/4/3541382960254411640.PNG?RS=100x0&QT=85&SF=webp&sharpen=1x0.5,3CE_포커스 온 미.jpg,2025-11-24,11:43:41
3CE,3CE 소프트 매트 립스틱 3.5g 15종,이터널 웜,https://image.oliveyoung.co.kr/cfimages/cf-goods/uploads/images/options/item/2022/4/7726232124130951926.PNG?RS=100x0&QT=85&SF=webp&sharpen=1x0.5,3CE_이터널 웜.jpg,2025-11-24,11:43:41
3CE,3CE 소프트 매트 립스틱 3.5g 15종,센슈얼 브리즈,https://image.oliveyoung.co.kr/cfimages/cf-goods/uploads/images/options/item/2022/4/6425243439220672153.PNG?RS=100x0&QT=85&SF=webp&sharpen=1x0.5,3CE_센슈얼 브리즈.jpg,2025-11-24,11:43:41
에스쁘아,[NEW] 에스쁘아 노웨어 립스틱 볼륨매트 3g / 8 colors,1호 포그 모브,https://image.oliveyoung.co.kr/cfimages/cf-goods/uploads/images/options/item/2024/5/4363506662461680683.jpg?RS=100x0&QT=85&SF=webp&sharpen=1x0.5,에스쁘아_1호 포그 모브.jpg,2025-11-24,11:43:41
에스쁘아,[NEW] 에스쁘아 노웨어 립스틱 볼륨매트 3g / 8 colors,2호 카인다 핑크,https://image.oliveyoung.co.kr/cfimages/cf-goods/uploads/images/options/item/2024/5/5385594559516394793.jpg?RS=100x0&QT=85&SF=webp&sharpen=1x0.5,에스쁘아_2호 카인다 핑크.jpg,2025-11-24,11:43:41
에스쁘아,[NEW] 에스쁘아 노웨어 립스틱 볼륨매트 3g / 8 colors,3호 푸시안,https://image.oliveyoung.co.kr/cfimages/cf-goods/uploads/images/options/item/2024/5/6547298444964798307.jpg?RS=100x0&QT=85&SF=webp&sharpen=1x0.5,에스쁘아_3호 푸시안.jpg,2025-11-24,11:43:41
에스쁘아,[NEW] 에스쁘아 노웨어 립스틱 볼륨매트 3g / 8 colors,4호 레디 셋 고,https://image.oliveyoung.co.kr/cfimages/cf-goods/uploads/images/options/item/2024/5/8547542349458298189.jpg?RS=100x0&QT=85&SF=webp&sharpen=1x0.5,에스쁘아_4호 레디 셋 고.jpg,2025-11-24,11:43:41
에스쁘아,[NEW] 에스쁘아 노웨어 립스틱 볼륨매트 3g / 8 colors,5호 로지 퍼지,https://image.oliveyoung.co.kr/cfimages/cf-goods/uploads/images/options/item/2024/5/165054306751151469.jpg?RS=100x0&QT=85&SF=webp&sharpen=1x0.5,에스쁘아_5호 로지 퍼지.jpg,2025-11-24,11:43:41
에스쁘아,[NEW] 에스쁘아 노웨어 립스틱 볼륨매트 3g / 8 colors,6호 코랄 커드,https://image.oliveyoung.co.kr/cfimages/cf-goods/uploads/images/options/item/2024/5/2584136582946341672.jpg?RS=100x0&QT=85&SF=webp&sharpen=1x0.5,에스쁘아_6호 코랄 커드.jpg,2025-11-24,11:43:41
에스쁘아,[NEW] 에스쁘아 노웨어 립스틱 볼륨매트 3g / 8 colors,7호 탠지 버터,https://image.oliveyoung.co.kr/cfimages/cf-goods/uploads/images/options/item/2024/5/4782678396558165668.jpg?RS=100x0&QT=85&SF=webp&sharpen=1x0.5,에스쁘아_7호 탠지 버터.jpg,2025-11-24,11:43:41
에스쁘아,[NEW] 에스쁘아 노웨어 립스틱 볼륨매트 3g / 8 colors,8호 애쉬 코코아,https://image.oliveyoung.co.kr/cfimages/cf-goods/uploads/images/options/item/2024/5/1089155540837709987.jpg?RS=100x0&QT=85&SF=webp&sharpen=1x0.5,에스쁘아_8호 애쉬 코코아.jpg,2025-11-24,11:43:41
클리오,[앨리스 콜라보] 클리오 크리스탈 글램 밤 3.2g 7종,[앨리스] 07 뮤즈 로즈,https://image.oliveyoung.co.kr/cfimages/cf-goods/uploads/images/options/item/2025/10/3088386475979835044.jpg?RS=100x0&QT=85&SF=webp&sharpen=1x0.5,클리오_[앨리스] 07 뮤즈 로즈.jpg,2025-11-24,11:43:41
클리오,[앨리스 콜라보] 클리오 크리스탈 글램 밤 3.2g 7종,[앨리스] 08 루시드 모브,https://image.oliveyoung.co.kr/cfimages/cf-goods/uploads/images/options/item/2025/10/8176747863587939210.jpg?RS=100x0&QT=85&SF=webp&sharpen=1x0.5,클리오_[앨리스] 08 루시드 모브.jpg,2025-11-24,11:43:41
클리오,[앨리스 콜라보] 클리오 크리스탈 글램 밤 3.2g 7종,[앨리스] 09 헤일로 핑크,https://image.oliveyoung.co.kr/cfimages/cf-goods/uploads/images/options/item/2025/10/2427309794226595752.jpg?RS=100x0&QT=85&SF=webp&sharpen=1x0.5,클리오_[앨리스] 09 헤일로 핑크.jpg,2025-11-24,11:43:41
클리오,[앨리스 콜라보] 클리오 크리스탈 글램 밤 3.2g 7종,01 꿀 복숭아,https://image.oliveyoung.co.kr/cfimages/cf-goods/uploads/images/options/item/2023/12/1458731619545942260.jpg?RS=100x0&QT=85&SF=webp&sharpen=1x0.5,클리오_01 꿀 복숭아.jpg,2025-11-24,11:43:41
클리오,[앨리스 콜라보] 클리오 크리스탈 글램 밤 3.2g 7종,03 꿀 앵두,https://image.oliveyoung.co.kr/cfimages/cf-goods/uploads/images/options/item/2023/12/7463777358523485401.jpg?RS=100x0&QT=85&SF=webp&sharpen=1x0.5,클리오_03 꿀 앵두.jpg,2025-11-24,11:43:41
클리오,[앨리스 콜라보] 클리오 크리스탈 글램 밤 3.2g 7종,04 꿀 사과,https://image.oliveyoung.co.kr/cfimages/cf-goods/uploads/images/options/item/2023/12/7247086083440387731.jpg?RS=100x0&QT=85&SF=webp&sharpen=1x0.5,클리오_04 꿀 사과.jpg,2025-11-24,11:43:41
클리오,[앨리스 콜라보] 클리오 크리스탈 글램 밤 3.2g 7종,06 꿀 무화과,https://image.oliveyoung.co.kr/cfimages/cf-goods/uploads/images/options/item/2023/12/5941301319601862086.jpg?RS=100x0&QT=85&SF=webp&sharpen=1x0.5,클리오_06 꿀 무화과.jpg,2025-11-24,11:43:41
웨이크메이크,[NEW/플럼핑립펜슬 증정] 웨이크메이크 헬시 글로우 밤 스틱 13COLOR(단품/기획),[NEW/립펜슬 기획]12 로즈 닷,https://image.oliveyoung.co.kr/cfimages/cf-goods/uploads/images/options/item/2025/8/3661752431573229003.jpg?RS=100x0&QT=85&SF=webp&sharpen=1x0.5,웨이크메이크_[NEW립펜슬 기획]12 로즈 닷.jpg,2025-11-24,11:43:42
웨이크메이크,[NEW/플럼핑립펜슬 증정] 웨이크메이크 헬시 글로우 밤 스틱 13COLOR(단품/기획),[NEW/립펜슬 기획]13 코지미어,https://image.oliveyoung.co.kr/cfimages/cf-goods/uploads/images/options/item/2025/8/2456404078144767480.jpg?RS=100x0&QT=85&SF=webp&sharpen=1x0.5,웨이크메이크_[NEW립펜슬 기획]13 코지미어.jpg,2025-11-24,11:43:42
웨이크메이크,[NEW/플럼핑립펜슬 증정] 웨이크메이크 헬시 글로우 밤 스틱 13COLOR(단품/기획),[태닝포차코]02 스윗 챗(+거울 키링),https://image.oliveyoung.co.kr/cfimages/cf-goods/uploads/images/options/item/2025/6/279521173811265257.jpg?RS=100x0&QT=85&SF=webp&sharpen=1x0.5,웨이크메이크_[태닝포차코]02 스윗 챗(+거울 키링).jpg,2025-11-24,11:43:42
웨이크메이크,[NEW/플럼핑립펜슬 증정] 웨이크메이크 헬시 글로우 밤 스틱 13COLOR(단품/기획),[태닝포차코]11 써니코랄(+거울 키링),https://image.oliveyoung.co.kr/cfimages/cf-goods/uploads/images/options/item/2025/6/4635801149323031111.jpg?RS=100x0&QT=85&SF=webp&sharpen=1x0.5,웨이크메이크_[태닝포차코]11 써니코랄(+거울 키링).jpg,2025-11-24,11:43:42
웨이크메이크,[NEW/플럼핑립펜슬 증정] 웨이크메이크 헬시 글로우 밤 스틱 13COLOR(단품/기획),01 피치 샤워,https://image.oliveyoung.co.kr/cfimages/cf-goods/uploads/images/options/item/2025/5/1426705874958078329.jpg?RS=100x0&QT=85&SF=webp&sharpen=1x0.5,웨이크메이크_01 피치 샤워.jpg,2025-11-24,11:43:42
웨이크메이크,[NEW/플럼핑립펜슬 증정] 웨이크메이크 헬시 글로우 밤 스틱 13COLOR(단품/기획),02 스윗 챗,https://image.oliveyoung.co.kr/cfimages/cf-goods/uploads/images/options/item/2025/5/6097655242145421815.jpg?RS=100x0&QT=85&SF=webp&sharpen=1x0.5,웨이크메이크_02 스윗 챗.jpg,2025-11-24,11:43:42
웨이크메이크,[NEW/플럼핑립펜슬 증정] 웨이크메이크 헬시 글로우 밤 스틱 13COLOR(단품/기획),03 애플 피즈,https://image.oliveyoung.co.kr/cfimages/cf-goods/uploads/images/options/item/2025/5/4229584069138243575.jpg?RS=100x0&QT=85&SF=webp&sharpen=1x0.5,웨이크메이크_03 애플 피즈.jpg,2025-11-24,11:43:42
웨이크메이크,[NEW/플럼핑립펜슬 증정] 웨이크메이크 헬시 글로우 밤 스틱 13COLOR(단품/기획),04 아몬드 누드,https://image.oliveyoung.co.kr/cfimages/cf-goods/uploads/images/options/item/2025/5/2117157034026361959.jpg?RS=100x0&QT=85&SF=webp&sharpen=1x0.5,웨이크메이크_04 아몬드 누드.jpg,2025-11-24,11:43:42
웨이크메이크,[NEW/플럼핑립펜슬 증정] 웨이크메이크 헬시 글로우 밤 스틱 13COLOR(단품/기획),05 로지 냅,https://image.oliveyoung.co.kr/cfimages/cf-goods/uploads/images/options/item/2025/5/1361689740250747950.jpg?RS=100x0&QT=85&SF=webp&sharpen=1x0.5,웨이크메이크_05 로지 냅.jpg,2025-11-24,11:43:42
웨이크메이크,[NEW/플럼핑립펜슬 증정] 웨이크메이크 헬시 글로우 밤 스틱 13COLOR(단품/기획),06 무디 핑크,https://image.oliveyoung.co.kr/cfimages/cf-goods/uploads/images/options/item/2025/5/5121725519003792337.jpg?RS=100x0&QT=85&SF=webp&sharpen=1x0.5,웨이크메이크_06 무디 핑크.jpg,2025-11-24,11:43:42
웨이크메이크,[NEW/플럼핑립펜슬 증정] 웨이크메이크 헬시 글로우 밤 스틱 13COLOR(단품/기획),07 베리 플러쉬,https://image.oliveyoung.co.kr/cfimages/cf-goods/uploads/images/options/item/2025/5/959478883107427511.jpg?RS=100x0&QT=85&SF=webp&sharpen=1x0.5,웨이크메이크_07 베리 플러쉬.jpg,2025-11-24,11:43:42
웨이크메이크,[NEW/플럼핑립펜슬 증정] 웨이크메이크 헬시 글로우 밤 스틱 13COLOR(단품/기획),08 프레시 핑크,https://image.oliveyoung.co.kr/cfimages/cf-goods/uploads/images/options/item/2025/5/7623718218495014287.jpg?RS=100x0&QT=85&SF=webp&sharpen=1x0.5,웨이크메이크_08 프레시 핑크.jpg,2025-11-24,11:43:42
웨이크메이크,[NEW/플럼핑립펜슬 증정] 웨이크메이크 헬시 글로우 밤 스틱 13COLOR(단품/기획),09 모브 브리스,https://image.oliveyoung.co.kr/cfimages/cf-goods/uploads/images/options/item/2025/5/7685488053756739880.jpg?RS=100x0&QT=85&SF=webp&sharpen=1x0.5,웨이크메이크_09 모브 브리스.jpg,2025-11-24,11:43:42
웨이크메이크,[NEW/플럼핑립펜슬 증정] 웨이크메이크 헬시 글로우 밤 스틱 13COLOR(단품/기획),10 피그 레드,https://image.oliveyoung.co.kr/cfimages/cf-goods/uploads/images/options/item/2025/5/1506442508746779566.jpg?RS=100x0&QT=85&SF=webp&sharpen=1x0.5,웨이크메이크_10 피그 레드.jpg,2025-11-24,11:43:42
웨이크메이크,[NEW/플럼핑립펜슬 증정] 웨이크메이크 헬시 글로우 밤 스틱 13COLOR(단품/기획),11 써니 코랄,https://image.oliveyoung.co.kr/cfimages/cf-goods/uploads/images/options/item/2025/6/3873481524411447393.jpg?RS=100x0&QT=85&SF=webp&sharpen=1x0.5,웨이크메이크_11 써니 코랄.jpg,2025-11-24,11:43:42
에크멀,[품절대란/재입고] 에크멀 논섹션 딥테일 립 펜슬,01 피더리 핑크,https://image.oliveyoung.co.kr/cfimages/cf-goods/uploads/images/options/item/2025/7/4235222220238625782.jpg?RS=100x0&QT=85&SF=webp&sharpen=1x0.5,에크멀_01 피더리 핑크.jpg,2025-11-24,11:43:42
에크멀,[품절대란/재입고] 에크멀 논섹션 딥테일 립 펜슬,02 플러피 코랄,https://image.oliveyoung.co.kr/cfimages/cf-goods/uploads/images/options/item/2025/7/1484225420460439137.jpg?RS=100x0&QT=85&SF=webp&sharpen=1x0.5,에크멀_02 플러피 코랄.jpg,2025-11-24,11:43:42
에크멀,[품절대란/재입고] 에크멀 논섹션 딥테일 립 펜슬,03 멜로우 베이지,https://image.oliveyoung.co.kr/cfimages/cf-goods/uploads/images/options/item/2025/7/8622385530797313502.jpg?RS=100x0&QT=85&SF=webp&sharpen=1x0.5,에크멀_03 멜로우 베이지.jpg,2025-11-24,11:43:42
에크멀,[품절대란/재입고] 에크멀 논섹션 딥테일 립 펜슬,04 미스티 모즈,https://image.oliveyoung.co.kr/cfimages/cf-goods/uploads/images/options/item/2025/7/3221097522009883962.png?RS=100x0&QT=100&SF=webp&sharpen=1x0.5,에크멀_04 미스티 모즈.jpg,2025-11-24,11:43:42
에크멀,[품절대란/재입고] 에크멀 논섹션 딥테일 립 펜슬,05 멜란지 브라운,https://image.oliveyoung.co.kr/cfimages/cf-goods/uploads/images/options/item/2025/7/4913883850276858875.png?RS=100x0&QT=100&SF=webp&sharpen=1x0.5,에크멀_05 멜란지 브라운.jpg,2025-11-24,11:43:42
힌스,힌스 무드 인핸서 마뜨,얼루어,https://image.oliveyoung.co.kr/cfimages/cf-goods/uploads/images/options/item/2021/2/1908157801552468921.jpg?RS=100x0&QT=85&SF=webp&sharpen=1x0.5,힌스_얼루어.jpg,2025-11-24,11:43:42
힌스,힌스 무드 인핸서 마뜨,어드레스,https://image.oliveyoung.co.kr/cfimages/cf-goods/uploads/images/options/item/2021/2/4403323704754587986.jpg?RS=100x0&QT=85&SF=webp&sharpen=1x0.5,힌스_어드레스.jpg,2025-11-24,11:43:42
힌스,힌스 무드 인핸서 마뜨,베어 에센셜,https://image.oliveyoung.co.kr/cfimages/cf-goods/uploads/images/options/item/2021/2/5020732534767139990.jpg?RS=100x0&QT=85&SF=webp&sharpen=1x0.5,힌스_베어 에센셜.jpg,2025-11-24,11:43:42
힌스,힌스 무드 인핸서 마뜨,인디케이트,https://image.oliveyoung.co.kr/cfimages/cf-goods/uploads/images/options/item/2021/2/3750675262664344573.jpg?RS=100x0&QT=85&SF=webp&sharpen=1x0.5,힌스_인디케이트.jpg,2025-11-24,11:43:42
힌스,힌스 무드 인핸서 마뜨,시그니처 미,https://image.oliveyoung.co.kr/cfimages/cf-goods/uploads/images/options/item/2021/2/4313485987818129595.jpg?RS=100x0&QT=85&SF=webp&sharpen=1x0.5,힌스_시그니처 미.jpg,2025-11-24,11:43:42
디어달리아,[수채화유리광]디어달리아 립 파라다이스 센슈얼 립 글로우,이사벨라,https://image.oliveyoung.co.kr/cfimages/cf-goods/uploads/images/options/item/2024/9/8925909801902446555.jpg?RS=100x0&QT=85&SF=webp&sharpen=1x0.5,디어달리아_이사벨라.jpg,2025-11-24,11:43:43
디어달리아,[수채화유리광]디어달리아 립 파라다이스 센슈얼 립 글로우,다이애나,https://image.oliveyoung.co.kr/cfimages/cf-goods/uploads/images/options/item/2024/9/6037009027488114346.jpg?RS=100x0&QT=85&SF=webp&sharpen=1x0.5,디어달리아_다이애나.jpg,2025-11-24,11:43:43
디어달리아,[수채화유리광]디어달리아 립 파라다이스 센슈얼 립 글로우,에밀리,https://image.oliveyoung.co.kr/cfimages/cf-goods/uploads/images/options/item/2024/9/1196868002819596876.jpg?RS=100x0&QT=85&SF=webp&sharpen=1x0.5,디어달리아_에밀리.jpg,2025-11-24,11:43:43
디어달리아,[수채화유리광]디어달리아 립 파라다이스 센슈얼 립 글로우,클로이,https://image.oliveyoung.co.kr/cfimages/cf-goods/uploads/images/options/item/2024/9/3268839034403206849.jpg?RS=100x0&QT=85&SF=webp&sharpen=1x0.5,디어달리아_클로이.jpg,2025-11-24,11:43:43
디어달리아,[수채화유리광]디어달리아 립 파라다이스 센슈얼 립 글로우,펠리시아,https://image.oliveyoung.co.kr/cfimages/cf-goods/uploads/images/options/item/2024/9/8488163604722415100.jpg?RS=100x0&QT=85&SF=webp&sharpen=1x0.5,디어달리아_펠리시아.jpg,2025-11-24,11:43:43
디어달리아,[수채화유리광]디어달리아 립 파라다이스 센슈얼 립 글로우,카일리,https://image.oliveyoung.co.kr/cfimages/cf-goods/uploads/images/options/item/2024/9/1057273944487851100.jpg?RS=100x0&QT=85&SF=webp&sharpen=1x0.5,디어달리아_카일리.jpg,2025-11-24,11:43:43
디어달리아,[수채화유리광]디어달리아 립 파라다이스 센슈얼 립 글로우,루나,https://image.oliveyoung.co.kr/cfimages/cf-goods/uploads/images/options/item/2024/9/8676307800609850441.jpg?RS=100x0&QT=85&SF=webp&sharpen=1x0.5,디어달리아_루나.jpg,2025-11-24,11:43:43
디어달리아,[수채화유리광]디어달리아 립 파라다이스 센슈얼 립 글로우,헤이즐,https://image.oliveyoung.co.kr/cfimages/cf-goods/uploads/images/options/item/2024/9/4698988137505779446.jpg?RS=100x0&QT=85&SF=webp&sharpen=1x0.5,디어달리아_헤이즐.jpg,2025-11-24,11:43:43
디어달리아,[미러글로우/탱글광] 디어달리아 립 얼루어 글로우 샤인,[소프트 핑크] 에린,https://image.oliveyoung.co.kr/cfimages/cf-goods/uploads/images/options/item/2025/2/745512403195265974.jpg?RS=100x0&QT=85&SF=webp&sharpen=1x0.5,디어달리아_[소프트 핑크] 에린.jpg,2025-11-24,11:43:43
디어달리아,[미러글로우/탱글광] 디어달리아 립 얼루어 글로우 샤인,[로지 오렌지] 시에나,https://image.oliveyoung.co.kr/cfimages/cf-goods/uploads/images/options/item/2025/2/5796501428440795549.jpg?RS=100x0&QT=85&SF=webp&sharpen=1x0.5,디어달리아_[로지 오렌지] 시에나.jpg,2025-11-24,11:43:43
디어달리아,[미러글로우/탱글광] 디어달리아 립 얼루어 글로우 샤인,[뉴트럴 로즈] 페이,https://image.oliveyoung.co.kr/cfimages/cf-goods/uploads/images/options/item/2025/2/7475477210065434819.jpg?RS=100x0&QT=85&SF=webp&sharpen=1x0.5,디어달리아_[뉴트럴 로즈] 페이.jpg,2025-11-24,11:43:43
디어달리아,[미러글로우/탱글광] 디어달리아 립 얼루어 글로우 샤인,[쿨 핑크] 키이라,https://image.oliveyoung.co.kr/cfimages/cf-goods/uploads/images/options/item/2025/2/819397895154146847.jpg?RS=100x0&QT=85&SF=webp&sharpen=1x0.5,디어달리아_[쿨 핑크] 키이라.jpg,2025-11-24,11:43:43
디어달리아,[미러글로우/탱글광] 디어달리아 립 얼루어 글로우 샤인,[브라이트 핑크] 크리스틴,https://image.oliveyoung.co.kr/cfimages/cf-goods/uploads/images/options/item/2025/2/1457600053729074274.jpg?RS=100x0&QT=85&SF=webp&sharpen=1x0.5,디어달리아_[브라이트 핑크] 크리스틴.jpg,2025-11-24,11:43:43
디어달리아,[미러글로우/탱글광] 디어달리아 립 얼루어 글로우 샤인,[체리레드] 샬롯,https://image.oliveyoung.co.kr/cfimages/cf-goods/uploads/images/options/item/2025/2/3351706314009967125.jpg?RS=100x0&QT=85&SF=webp&sharpen=1x0.5,디어달리아_[체리레드] 샬롯.jpg,2025-11-24,11:43:43
디어달리아,[미러글로우/탱글광] 디어달리아 립 얼루어 글로우 샤인,[피치코랄] 엘라,https://image.oliveyoung.co.kr/cfimages/cf-goods/uploads/images/options/item/2025/2/611874747367172049.jpg?RS=100x0&QT=85&SF=webp&sharpen=1x0.5,디어달리아_[피치코랄] 엘라.jpg,2025-11-24,11:43:43
디어달리아,[미러글로우/탱글광] 디어달리아 립 얼루어 글로우 샤인,[누디베이지] 아리아나,https://image.oliveyoung.co.kr/cfimages/cf-goods/uploads/images/options/item/2025/2/1396875377952034899.jpg?RS=100x0&QT=85&SF=webp&sharpen=1x0.5,디어달리아_[누디베이지] 아리아나.jpg,2025-11-24,11:43:43
3CE,3CE 샤인 리플렉터 1.7g 7종,오팔샤워,https://image.oliveyoung.co.kr/cfimages/cf-goods/uploads/images/options/item/2025/7/816830045791758207.png?RS=100x0&QT=100&SF=webp&sharpen=1x0.5,3CE_오팔샤워.jpg,2025-11-24,11:43:43
3CE,3CE 샤인 리플렉터 1.7g 7종,레인 오어 샤인,https://image.oliveyoung.co.kr/cfimages/cf-goods/uploads/images/options/item/2025/7/2146270979057282779.png?RS=100x0&QT=100&SF=webp&sharpen=1x0.5,3CE_레인 오어 샤인.jpg,2025-11-24,11:43:43
3CE,3CE 샤인 리플렉터 1.7g 7종,라일락 글레이즈,https://image.oliveyoung.co.kr/cfimages/cf-goods/uploads/images/options/item/2025/7/9071850121433149114.png?RS=100x0&QT=100&SF=webp&sharpen=1x0.5,3CE_라일락 글레이즈.jpg,2025-11-24,11:43:43
3CE,3CE 샤인 리플렉터 1.7g 7종,소프티스트,https://image.oliveyoung.co.kr/cfimages/cf-goods/uploads/images/options/item/2025/7/6288025889773601098.png?RS=100x0&QT=100&SF=webp&sharpen=1x0.5,3CE_소프티스트.jpg,2025-11-24,11:43:43
3CE,3CE 샤인 리플렉터 1.7g 7종,세컨드 스킨,https://image.oliveyoung.co.kr/cfimages/cf-goods/uploads/images/options/item/2025/11/5268997791192316296.png?RS=100x0&QT=100&SF=webp&sharpen=1x0.5,3CE_세컨드 스킨.jpg,2025-11-24,11:43:43
3CE,3CE 샤인 리플렉터 1.7g 7종,패시네이티드,https://image.oliveyoung.co.kr/cfimages/cf-goods/uploads/images/options/item/2025/11/5673634160661799781.png?RS=100x0&QT=100&SF=webp&sharpen=1x0.5,3CE_패시네이티드.jpg,2025-11-24,11:43:43
3CE,3CE 샤인 리플렉터 1.7g 7종,밀키섀도우,https://image.oliveyoung.co.kr/cfimages/cf-goods/uploads/images/options/item/2025/7/2543784868718316741.png?RS=100x0&QT=100&SF=webp&sharpen=1x0.5,3CE_밀키섀도우.jpg,2025-11-24,11:43:43
3CE,3CE 샤인 리플렉터 1.7g 7종,넥타,https://image.oliveyoung.co.kr/cfimages/cf-goods/uploads/images/options/item/2025/7/8614314917107673385.png?RS=100x0&QT=100&SF=webp&sharpen=1x0.5,3CE_넥타.jpg,2025-11-24,11:43:43
3CE,3CE 샤인 리플렉터 1.7g 7종,콜디스트,https://image.oliveyoung.co.kr/cfimages/cf-goods/uploads/images/options/item/2025/7/9145640224912274870.png?RS=100x0&QT=100&SF=webp&sharpen=1x0.5,3CE_콜디스트.jpg,2025-11-24,11:43:43
컬러그램,컬러그램 올인원 오버립 메이커 5 COLOR,01 웜피치,https://image.oliveyoung.co.kr/cfimages/cf-goods/uploads/images/options/item/2022/12/4205227496032812798.jpg?RS=100x0&QT=85&SF=webp&sharpen=1x0.5,컬러그램_01 웜피치.jpg,2025-11-24,11:43:43
컬러그램,컬러그램 올인원 오버립 메이커 5 COLOR,02 쿨핑크,https://image.oliveyoung.co.kr/cfimages/cf-goods/uploads/images/options/item/2022/12/4201401257680957522.jpg?RS=100x0&QT=85&SF=webp&sharpen=1x0.5,컬러그램_02 쿨핑크.jpg,2025-11-24,11:43:43
컬러그램,컬러그램 올인원 오버립 메이커 5 COLOR,03 누디피치,https://image.oliveyoung.co.kr/cfimages/cf-goods/uploads/images/options/item/2023/5/5780608616258179146.jpg?RS=100x0&QT=85&SF=webp&sharpen=1x0.5,컬러그램_03 누디피치.jpg,2025-11-24,11:43:43
컬러그램,컬러그램 올인원 오버립 메이커 5 COLOR,05 쿨로즈,https://image.oliveyoung.co.kr/cfimages/cf-goods/uploads/images/options/item/2023/9/2428722373110687463.jpg?RS=100x0&QT=85&SF=webp&sharpen=1x0.5,컬러그램_05 쿨로즈.jpg,2025-11-24,11:43:43
컬러그램,컬러그램 올인원 오버립 메이커 5 COLOR,06 누디로즈,https://image.oliveyoung.co.kr/cfimages/cf-goods/uploads/images/options/item/2024/9/8373640613491776175.jpg?RS=100x0&QT=85&SF=webp&sharpen=1x0.5,컬러그램_06 누디로즈.jpg,2025-11-24,11:43:43
맥,MAC 파우더 키스 벨벳 블러 슬림 스틱 립스틱,루비뉴,https://image.oliveyoung.co.kr/cfimages/cf-goods/uploads/images/options/item/2022/7/5228699597872984500.jpg?RS=100x0&QT=85&SF=webp&sharpen=1x0.5,맥_루비뉴.jpg,2025-11-24,11:43:44
맥,MAC 파우더 키스 벨벳 블러 슬림 스틱 립스틱,핫 파프리카,https://image.oliveyoung.co.kr/cfimages/cf-goods/uploads/images/options/item/2022/7/8589028419558639535.jpg?RS=100x0&QT=85&SF=webp&sharpen=1x0.5,맥_핫 파프리카.jpg,2025-11-24,11:43:44
맥,MAC 파우더 키스 벨벳 블러 슬림 스틱 립스틱,디보티드 투 데인저,https://image.oliveyoung.co.kr/cfimages/cf-goods/uploads/images/options/item/2022/7/6152360786082742509.jpg?RS=100x0&QT=85&SF=webp&sharpen=1x0.5,맥_디보티드 투 데인저.jpg,2025-11-24,11:43:44
맥,MAC 파우더 키스 벨벳 블러 슬림 스틱 립스틱,멀잇오버,https://image.oliveyoung.co.kr/cfimages/cf-goods/uploads/images/options/item/2022/7/26687670191510907.jpg?RS=100x0&QT=85&SF=webp&sharpen=1x0.5,맥_멀잇오버.jpg,2025-11-24,11:43:44
맥,MAC 파우더 키스 벨벳 블러 슬림 스틱 립스틱,스윗 시나몬,https://image.oliveyoung.co.kr/cfimages/cf-goods/uploads/images/options/item/2022/7/8421774087367826488.jpg?RS=100x0&QT=85&SF=webp&sharpen=1x0.5,맥_스윗 시나몬.jpg,2025-11-24,11:43:44
맥,MAC 파우더 키스 벨벳 블러 슬림 스틱 립스틱,스테이큐리어스,https://image.oliveyoung.co.kr/cfimages/cf-goods/uploads/images/options/item/2022/7/3335088859174930594.jpg?RS=100x0&QT=85&SF=webp&sharpen=1x0.5,맥_스테이큐리어스.jpg,2025-11-24,11:43:44
맥,MAC 파우더 키스 벨벳 블러 슬림 스틱 립스틱,진저렐라,https://image.oliveyoung.co.kr/cfimages/cf-goods/uploads/images/options/item/2022/7/501119266018016962.jpg?RS=100x0&QT=85&SF=webp&sharpen=1x0.5,맥_진저렐라.jpg,2025-11-24,11:43:44
더샘,[샤프너 증정/NEW컬러] 더샘 커버 퍼펙션 립 펜슬 8colors,01 니어,https://image.oliveyoung.co.kr/cfimages/cf-goods/uploads/images/options/item/2025/5/4083633792647502709.jpg?RS=100x0&QT=85&SF=webp&sharpen=1x0.5,더샘_01 니어.jpg,2025-11-24,11:43:44
더샘,[샤프너 증정/NEW컬러] 더샘 커버 퍼펙션 립 펜슬 8colors,02 로지,https://image.oliveyoung.co.kr/cfimages/cf-goods/uploads/images/options/item/2025/5/5990911634524007954.jpg?RS=100x0&QT=85&SF=webp&sharpen=1x0.5,더샘_02 로지.jpg,2025-11-24,11:43:44
더샘,[샤프너 증정/NEW컬러] 더샘 커버 퍼펙션 립 펜슬 8colors,03 피치,https://image.oliveyoung.co.kr/cfimages/cf-goods/uploads/images/options/item/2025/5/6733443142067750658.jpg?RS=100x0&QT=85&SF=webp&sharpen=1x0.5,더샘_03 피치.jpg,2025-11-24,11:43:44
더샘,[샤프너 증정/NEW컬러] 더샘 커버 퍼펙션 립 펜슬 8colors,04 타로,https://image.oliveyoung.co.kr/cfimages/cf-goods/uploads/images/options/item/2025/5/3400839090319603945.jpg?RS=100x0&QT=85&SF=webp&sharpen=1x0.5,더샘_04 타로.jpg,2025-11-24,11:43:44
더샘,[샤프너 증정/NEW컬러] 더샘 커버 퍼펙션 립 펜슬 8colors,07 클로즈,https://image.oliveyoung.co.kr/cfimages/cf-goods/uploads/images/options/item/2025/5/3935617080627139211.jpg?RS=100x0&QT=85&SF=webp&sharpen=1x0.5,더샘_07 클로즈.jpg,2025-11-24,11:43:44
더샘,[샤프너 증정/NEW컬러] 더샘 커버 퍼펙션 립 펜슬 8colors,08 러스티,https://image.oliveyoung.co.kr/cfimages/cf-goods/uploads/images/options/item/2025/5/6540371659340173152.jpg?RS=100x0&QT=85&SF=webp&sharpen=1x0.5,더샘_08 러스티.jpg,2025-11-24,11:43:44
더샘,[샤프너 증정/NEW컬러] 더샘 커버 퍼펙션 립 펜슬 8colors,09 멜로우,https://image.oliveyoung.co.kr/cfimages/cf-goods/uploads/images/options/item/2025/5/4453636241895028836.jpg?RS=100x0&QT=85&SF=webp&sharpen=1x0.5,더샘_09 멜로우.jpg,2025-11-24,11:43:44
더샘,[샤프너 증정/NEW컬러] 더샘 커버 퍼펙션 립 펜슬 8colors,10 어베인,https://image.oliveyoung.co.kr/cfimages/cf-goods/uploads/images/options/item/2025/5/5210299639755843180.jpg?RS=100x0&QT=85&SF=webp&sharpen=1x0.5,더샘_10 어베인.jpg,2025-11-24,11:43:44
팁토우,[립앤치크] 팁토우 젤리 립스틱 17 Colors,NEW) 015 블러디 베리,https://image.oliveyoung.co.kr/cfimages/cf-goods/uploads/images/options/item/2025/8/8296699616200531824.jpg?RS=100x0&QT=85&SF=webp&sharpen=1x0.5,팁토우_NEW) 015 블러디 베리.jpg,2025-11-24,11:43:44
팁토우,[립앤치크] 팁토우 젤리 립스틱 17 Colors,NEW) 014 로즈 우드,https://image.oliveyoung.co.kr/cfimages/cf-goods/uploads/images/options/item/2025/8/6918805759387258553.jpg?RS=100x0&QT=85&SF=webp&sharpen=1x0.5,팁토우_NEW) 014 로즈 우드.jpg,2025-11-24,11:43:44
팁토우,[립앤치크] 팁토우 젤리 립스틱 17 Colors,NEW) 013 보늬밤 라떼,https://image.oliveyoung.co.kr/cfimages/cf-goods/uploads/images/options/item/2025/8/2692498387163958424.jpg?RS=100x0&QT=85&SF=webp&sharpen=1x0.5,팁토우_NEW) 013 보늬밤 라떼.jpg,2025-11-24,11:43:44
팁토우,[립앤치크] 팁토우 젤리 립스틱 17 Colors,NEW) 012 히더 잼,https://image.oliveyoung.co.kr/cfimages/cf-goods/uploads/images/options/item/2025/8/4573645569196657035.jpg?RS=100x0&QT=85&SF=webp&sharpen=1x0.5,팁토우_NEW) 012 히더 잼.jpg,2025-11-24,11:43:44
팁토우,[립앤치크] 팁토우 젤리 립스틱 17 Colors,001 토슈즈,https://image.oliveyoung.co.kr/cfimages/cf-goods/uploads/images/options/item/2024/7/8683908373503811774.jpg?RS=100x0&QT=85&SF=webp&sharpen=1x0.5,팁토우_001 토슈즈.jpg,2025-11-24,11:43:44
팁토우,[립앤치크] 팁토우 젤리 립스틱 17 Colors,002 모란,https://image.oliveyoung.co.kr/cfimages/cf-goods/uploads/images/options/item/2024/7/2399483293178248080.jpg?RS=100x0&QT=85&SF=webp&sharpen=1x0.5,팁토우_002 모란.jpg,2025-11-24,11:43:44
팁토우,[립앤치크] 팁토우 젤리 립스틱 17 Colors,003 스트로베리,https://image.oliveyoung.co.kr/cfimages/cf-goods/uploads/images/options/item/2024/7/7096255304843747094.jpg?RS=100x0&QT=85&SF=webp&sharpen=1x0.5,팁토우_003 스트로베리.jpg,2025-11-24,11:43:44
팁토우,[립앤치크] 팁토우 젤리 립스틱 17 Colors,004 플럼 시럽,https://image.oliveyoung.co.kr/cfimages/cf-goods/uploads/images/options/item/2024/7/488022113507567543.jpg?RS=100x0&QT=85&SF=webp&sharpen=1x0.5,팁토우_004 플럼 시럽.jpg,2025-11-24,11:43:44
팁토우,[립앤치크] 팁토우 젤리 립스틱 17 Colors,006 로지 스텝,https://image.oliveyoung.co.kr/cfimages/cf-goods/uploads/images/options/item/2024/8/6673286464708895466.jpg?RS=100x0&QT=85&SF=webp&sharpen=1x0.5,팁토우_006 로지 스텝.jpg,2025-11-24,11:43:44
팁토우,[립앤치크] 팁토우 젤리 립스틱 17 Colors,007 플랫 헤이즐,https://image.oliveyoung.co.kr/cfimages/cf-goods/uploads/images/options/item/2024/8/4853331681979679601.jpg?RS=100x0&QT=85&SF=webp&sharpen=1x0.5,팁토우_007 플랫 헤이즐.jpg,2025-11-24,11:43:44
팁토우,[립앤치크] 팁토우 젤리 립스틱 17 Colors,008 피치 포인,https://image.oliveyoung.co.kr/cfimages/cf-goods/uploads/images/options/item/2024/8/438874676186548940.jpg?RS=100x0&QT=85&SF=webp&sharpen=1x0.5,팁토우_008 피치 포인.jpg,2025-11-24,11:43:44
팁토우,[립앤치크] 팁토우 젤리 립스틱 17 Colors,009 베리 슈즈,https://image.oliveyoung.co.kr/cfimages/cf-goods/uploads/images/options/item/2024/8/981566409925871947.jpg?RS=100x0&QT=85&SF=webp&sharpen=1x0.5,팁토우_009 베리 슈즈.jpg,2025-11-24,11:43:44
팁토우,[립앤치크] 팁토우 젤리 립스틱 17 Colors,010 모브 위스퍼,https://image.oliveyoung.co.kr/cfimages/cf-goods/uploads/images/options/item/2025/8/1700108321460262433.jpg?RS=100x0&QT=85&SF=webp&sharpen=1x0.5,팁토우_010 모브 위스퍼.jpg,2025-11-24,11:43:44
팁토우,[립앤치크] 팁토우 젤리 립스틱 17 Colors,011 텐더 무드,https://image.oliveyoung.co.kr/cfimages/cf-goods/uploads/images/options/item/2025/2/8423920652536367697.jpg?RS=100x0&QT=85&SF=webp&sharpen=1x0.5,팁토우_011 텐더 무드.jpg,2025-11-24,11:43:44
힌스,힌스 슬림 스틱 멜팅 매트,01 데자뷰,https://image.oliveyoung.co.kr/cfimages/cf-goods/uploads/images/options/item/2023/8/4113286372641613419.jpg?RS=100x0&QT=85&SF=webp&sharpen=1x0.5,힌스_01 데자뷰.jpg,2025-11-24,11:43:46
힌스,힌스 슬림 스틱 멜팅 매트,02 뉴 실루엣,https://image.oliveyoung.co.kr/cfimages/cf-goods/uploads/images/options/item/2023/8/5316952366008220963.jpg?RS=100x0&QT=85&SF=webp&sharpen=1x0.5,힌스_02 뉴 실루엣.jpg,2025-11-24,11:43:46
힌스,힌스 슬림 스틱 멜팅 매트,03 페이드 아웃,https://image.oliveyoung.co.kr/cfimages/cf-goods/uploads/images/options/item/2023/8/1065080744987927722.jpg?RS=100x0&QT=85&SF=webp&sharpen=1x0.5,힌스_03 페이드 아웃.jpg,2025-11-24,11:43:46
힌스,힌스 슬림 스틱 멜팅 매트,04 모멘터리,https://image.oliveyoung.co.kr/cfimages/cf-goods/uploads/images/options/item/2023/8/6131667240995528284.jpg?RS=100x0&QT=85&SF=webp&sharpen=1x0.5,힌스_04 모멘터리.jpg,2025-11-24,11:43:46
힌스,힌스 슬림 스틱 멜팅 매트,05 언리파인드,https://image.oliveyoung.co.kr/cfimages/cf-goods/uploads/images/options/item/2023/8/4386447190370798742.jpg?RS=100x0&QT=85&SF=webp&sharpen=1x0.5,힌스_05 언리파인드.jpg,2025-11-24,11:43:46
하트퍼센트,하트퍼센트 도트 온 무드 립펜슬 0.8g 21종,[일반립펜슬] 01 피치베이지,https://image.oliveyoung.co.kr/cfimages/cf-goods/uploads/images/options/item/2022/11/1778863894291297145.jpg?RS=100x0&QT=85&SF=webp&sharpen=1x0.5,하트퍼센트_[일반립펜슬] 01 피치베이지.jpg,2025-11-24,11:43:47
하트퍼센트,하트퍼센트 도트 온 무드 립펜슬 0.8g 21종,[일반립펜슬/단품] 02 크리미핑크,https://image.oliveyoung.co.kr/cfimages/cf-goods/uploads/images/options/item/2022/11/5120385856168024460.jpg?RS=100x0&QT=85&SF=webp&sharpen=1x0.5,하트퍼센트_[일반립펜슬단품] 02 크리미핑크.jpg,2025-11-24,11:43:47
하트퍼센트,하트퍼센트 도트 온 무드 립펜슬 0.8g 21종,[일반립펜슬] 03 오트베이지,https://image.oliveyoung.co.kr/cfimages/cf-goods/uploads/images/options/item/2022/11/4920863872052896948.jpg?RS=100x0&QT=85&SF=webp&sharpen=1x0.5,하트퍼센트_[일반립펜슬] 03 오트베이지.jpg,2025-11-24,11:43:47
하트퍼센트,하트퍼센트 도트 온 무드 립펜슬 0.8g 21종,[일반립펜슬] 04 스트로베리밀크,https://image.oliveyoung.co.kr/cfimages/cf-goods/uploads/images/options/item/2022/11/2644090982306947404.jpg?RS=100x0&QT=85&SF=webp&sharpen=1x0.5,하트퍼센트_[일반립펜슬] 04 스트로베리밀크.jpg,2025-11-24,11:43:47
하트퍼센트,하트퍼센트 도트 온 무드 립펜슬 0.8g 21종,[일반립펜슬] 05 애프리콧코랄,https://image.oliveyoung.co.kr/cfimages/cf-goods/uploads/images/options/item/2022/11/3312600770774711294.jpg?RS=100x0&QT=85&SF=webp&sharpen=1x0.5,하트퍼센트_[일반립펜슬] 05 애프리콧코랄.jpg,2025-11-24,11:43:47
하트퍼센트,하트퍼센트 도트 온 무드 립펜슬 0.8g 21종,[일반립펜슬] 06 로즈베이지,https://image.oliveyoung.co.kr/cfimages/cf-goods/uploads/images/options/item/2022/11/4033106525893809123.jpg?RS=100x0&QT=85&SF=webp&sharpen=1x0.5,하트퍼센트_[일반립펜슬] 06 로즈베이지.jpg,2025-11-24,11:43:47
하트퍼센트,하트퍼센트 도트 온 무드 립펜슬 0.8g 21종,[일반립펜슬] 07 드라이로즈,https://image.oliveyoung.co.kr/cfimages/cf-goods/uploads/images/options/item/2022/11/1721568986144705708.jpg?RS=100x0&QT=85&SF=webp&sharpen=1x0.5,하트퍼센트_[일반립펜슬] 07 드라이로즈.jpg,2025-11-24,11:43:47
하트퍼센트,하트퍼센트 도트 온 무드 립펜슬 0.8g 21종,[일반립펜슬] 08 클라우디모브,https://image.oliveyoung.co.kr/cfimages/cf-goods/uploads/images/options/item/2022/11/1126301588419218784.jpg?RS=100x0&QT=85&SF=webp&sharpen=1x0.5,하트퍼센트_[일반립펜슬] 08 클라우디모브.jpg,2025-11-24,11:43:47
하트퍼센트,하트퍼센트 도트 온 무드 립펜슬 0.8g 21종,[일반립펜슬] 09 코지브라운,https://image.oliveyoung.co.kr/cfimages/cf-goods/uploads/images/options/item/2022/11/1204868202581320497.jpg?RS=100x0&QT=85&SF=webp&sharpen=1x0.5,하트퍼센트_[일반립펜슬] 09 코지브라운.jpg,2025-11-24,11:43:47
하트퍼센트,하트퍼센트 도트 온 무드 립펜슬 0.8g 21종,[일반립펜슬] 10 클린베이지,https://image.oliveyoung.co.kr/cfimages/cf-goods/uploads/images/options/item/2022/11/607620348260651112.jpg?RS=100x0&QT=85&SF=webp&sharpen=1x0.5,하트퍼센트_[일반립펜슬] 10 클린베이지.jpg,2025-11-24,11:43:47
하트퍼센트,하트퍼센트 도트 온 무드 립펜슬 0.8g 21종,[일반립펜슬] 12 카라멜베이지,https://image.oliveyoung.co.kr/cfimages/cf-goods/uploads/images/options/item/2023/5/3310130605124241090.jpg?RS=100x0&QT=85&SF=webp&sharpen=1x0.5,하트퍼센트_[일반립펜슬] 12 카라멜베이지.jpg,2025-11-24,11:43:47
하트퍼센트,하트퍼센트 도트 온 무드 립펜슬 0.8g 21종,[일반립펜슬] 13 베어립스,https://image.oliveyoung.co.kr/cfimages/cf-goods/uploads/images/options/item/2023/5/1929063985373605674.jpg?RS=100x0&QT=85&SF=webp&sharpen=1x0.5,하트퍼센트_[일반립펜슬] 13 베어립스.jpg,2025-11-24,11:43:47
하트퍼센트,하트퍼센트 도트 온 무드 립펜슬 0.8g 21종,[일반립펜슬] 14 캄핑크,https://image.oliveyoung.co.kr/cfimages/cf-goods/uploads/images/options/item/2023/5/4633647446225338437.jpg?RS=100x0&QT=85&SF=webp&sharpen=1x0.5,하트퍼센트_[일반립펜슬] 14 캄핑크.jpg,2025-11-24,11:43:47
하트퍼센트,하트퍼센트 도트 온 무드 립펜슬 0.8g 21종,[일반립펜슬] 15 모브립스,https://image.oliveyoung.co.kr/cfimages/cf-goods/uploads/images/options/item/2023/5/6338017427308109804.jpg?RS=100x0&QT=85&SF=webp&sharpen=1x0.5,하트퍼센트_[일반립펜슬] 15 모브립스.jpg,2025-11-24,11:43:47
하트퍼센트,하트퍼센트 도트 온 무드 립펜슬 0.8g 21종,[일반립펜슬] 16 브릭로즈,https://image.oliveyoung.co.kr/cfimages/cf-goods/uploads/images/options/item/2023/5/6715968107234791319.jpg?RS=100x0&QT=85&SF=webp&sharpen=1x0.5,하트퍼센트_[일반립펜슬] 16 브릭로즈.jpg,2025-11-24,11:43:47
하트퍼센트,하트퍼센트 도트 온 무드 립펜슬 0.8g 21종,[일반립펜슬] 17 토프베이지,https://image.oliveyoung.co.kr/cfimages/cf-goods/uploads/images/options/item/2023/5/7350205017054871239.jpg?RS=100x0&QT=85&SF=webp&sharpen=1x0.5,하트퍼센트_[일반립펜슬] 17 토프베이지.jpg,2025-11-24,11:43:47
하트퍼센트,하트퍼센트 도트 온 무드 립펜슬 0.8g 21종,[일반립펜슬] 18 피그로즈,https://image.oliveyoung.co.kr/cfimages/cf-goods/uploads/images/options/item/2023/11/9151049632294524386.png?RS=100x0&QT=100&SF=webp&sharpen=1x0.5,하트퍼센트_[일반립펜슬] 18 피그로즈.jpg,2025-11-24,11:43:47
하트퍼센트,하트퍼센트 도트 온 무드 립펜슬 0.8g 21종,[일반립펜슬] 19 더스티 핑크,https://image.oliveyoung.co.kr/cfimages/cf-goods/uploads/images/options/item/2023/11/8132297675487769360.png?RS=100x0&QT=100&SF=webp&sharpen=1x0.5,하트퍼센트_[일반립펜슬] 19 더스티 핑크.jpg,2025-11-24,11:43:47
하트퍼센트,하트퍼센트 도트 온 무드 립펜슬 0.8g 21종,[일반립펜슬/단품] 20 살몬 베이지,https://image.oliveyoung.co.kr/cfimages/cf-goods/uploads/images/options/item/2023/11/5254124528784769665.png?RS=100x0&QT=100&SF=webp&sharpen=1x0.5,하트퍼센트_[일반립펜슬단품] 20 살몬 베이지.jpg,2025-11-24,11:43:47
하트퍼센트,하트퍼센트 도트 온 무드 립펜슬 0.8g 21종,[일반립펜슬] 21 로지립스,https://image.oliveyoung.co.kr/cfimages/cf-goods/uploads/images/options/item/2025/2/5903884156734630337.jpg?RS=100x0&QT=85&SF=webp&sharpen=1x0.5,하트퍼센트_[일반립펜슬] 21 로지립스.jpg,2025-11-24,11:43:47
하트퍼센트,하트퍼센트 도트 온 무드 립펜슬 0.8g 21종,[일반립펜슬] 22 살몬피치,https://image.oliveyoung.co.kr/cfimages/cf-goods/uploads/images/options/item/2025/2/4331784979526955118.jpg?RS=100x0&QT=85&SF=webp&sharpen=1x0.5,하트퍼센트_[일반립펜슬] 22 살몬피치.jpg,2025-11-24,11:43:47
에스쁘아,[메리베리/볼륨밤 기획] 에스쁘아 노웨어 립스틱 바밍 글로우 3g / 15 colors,[기획/볼륨밤 1호] 2호 베리 코어,https://image.oliveyoung.co.kr/cfimages/cf-goods/uploads/images/options/item/2025/10/7843357091573372187.jpg?RS=100x0&QT=85&SF=webp&sharpen=1x0.5,에스쁘아_[기획볼륨밤 1호] 2호 베리 코어.jpg,2025-11-24,11:43:47
에스쁘아,[메리베리/볼륨밤 기획] 에스쁘아 노웨어 립스틱 바밍 글로우 3g / 15 colors,[기획/볼륨밤 1호] 6호 뉴 로즈,https://image.oliveyoung.co.kr/cfimages/cf-goods/uploads/images/options/item/2025/10/6295465323966677127.jpg?RS=100x0&QT=85&SF=webp&sharpen=1x0.5,에스쁘아_[기획볼륨밤 1호] 6호 뉴 로즈.jpg,2025-11-24,11:43:47
에스쁘아,[메리베리/볼륨밤 기획] 에스쁘아 노웨어 립스틱 바밍 글로우 3g / 15 colors,[기획/볼륨밤 2호] 10호 피치라이즈,https://image.oliveyoung.co.kr/cfimages/cf-goods/uploads/images/options/item/2025/10/6785997668736600120.jpg?RS=100x0&QT=85&SF=webp&sharpen=1x0.5,에스쁘아_[기획볼륨밤 2호] 10호 피치라이즈.jpg,2025-11-24,11:43:47
에스쁘아,[메리베리/볼륨밤 기획] 에스쁘아 노웨어 립스틱 바밍 글로우 3g / 15 colors,[메리베리 에디션] 2호 베리코어,https://image.oliveyoung.co.kr/cfimages/cf-goods/uploads/images/options/item/2025/10/8515285012957154016.jpg?RS=100x0&QT=85&SF=webp&sharpen=1x0.5,에스쁘아_[메리베리 에디션] 2호 베리코어.jpg,2025-11-24,11:43:47
에스쁘아,[메리베리/볼륨밤 기획] 에스쁘아 노웨어 립스틱 바밍 글로우 3g / 15 colors,[메리베리 에디션] 18호 누디베리,https://image.oliveyoung.co.kr/cfimages/cf-goods/uploads/images/options/item/2025/10/5325342320194849340.jpg?RS=100x0&QT=85&SF=webp&sharpen=1x0.5,에스쁘아_[메리베리 에디션] 18호 누디베리.jpg,2025-11-24,11:43:47
에스쁘아,[메리베리/볼륨밤 기획] 에스쁘아 노웨어 립스틱 바밍 글로우 3g / 15 colors,[메리베리 에디션] 19호 메리베리,https://image.oliveyoung.co.kr/cfimages/cf-goods/uploads/images/options/item/2025/10/7740601097729266329.jpg?RS=100x0&QT=85&SF=webp&sharpen=1x0.5,에스쁘아_[메리베리 에디션] 19호 메리베리.jpg,2025-11-24,11:43:47
에스쁘아,[메리베리/볼륨밤 기획] 에스쁘아 노웨어 립스틱 바밍 글로우 3g / 15 colors,2호 베리 코어,https://image.oliveyoung.co.kr/cfimages/cf-goods/uploads/images/options/item/2024/1/7249537228881218106.jpg?RS=100x0&QT=85&SF=webp&sharpen=1x0.5,에스쁘아_2호 베리 코어.jpg,2025-11-24,11:43:47
에스쁘아,[메리베리/볼륨밤 기획] 에스쁘아 노웨어 립스틱 바밍 글로우 3g / 15 colors,3호 크랜베리,https://image.oliveyoung.co.kr/cfimages/cf-goods/uploads/images/options/item/2024/1/427744765277503680.jpg?RS=100x0&QT=85&SF=webp&sharpen=1x0.5,에스쁘아_3호 크랜베리.jpg,2025-11-24,11:43:47
에스쁘아,[메리베리/볼륨밤 기획] 에스쁘아 노웨어 립스틱 바밍 글로우 3g / 15 colors,4호 헤이 베스티,https://image.oliveyoung.co.kr/cfimages/cf-goods/uploads/images/options/item/2024/1/7045600376370030376.jpg?RS=100x0&QT=85&SF=webp&sharpen=1x0.5,에스쁘아_4호 헤이 베스티.jpg,2025-11-24,11:43:47
에스쁘아,[메리베리/볼륨밤 기획] 에스쁘아 노웨어 립스틱 바밍 글로우 3g / 15 colors,5호 블루베리,https://image.oliveyoung.co.kr/cfimages/cf-goods/uploads/images/options/item/2024/1/2030048881260884320.jpg?RS=100x0&QT=85&SF=webp&sharpen=1x0.5,에스쁘아_5호 블루베리.jpg,2025-11-24,11:43:47
에스쁘아,[메리베리/볼륨밤 기획] 에스쁘아 노웨어 립스틱 바밍 글로우 3g / 15 colors,6호 뉴 로즈,https://image.oliveyoung.co.kr/cfimages/cf-goods/uploads/images/options/item/2024/1/5427017931440459468.jpg?RS=100x0&QT=85&SF=webp&sharpen=1x0.5,에스쁘아_6호 뉴 로즈.jpg,2025-11-24,11:43:47
에스쁘아,[메리베리/볼륨밤 기획] 에스쁘아 노웨어 립스틱 바밍 글로우 3g / 15 colors,[기획/진저피치틴트 미니] 6호 뉴 로즈,https://image.oliveyoung.co.kr/cfimages/cf-goods/uploads/images/options/item/2025/5/5320604677294004.jpg?RS=100x0&QT=85&SF=webp&sharpen=1x0.5,에스쁘아_[기획진저피치틴트 미니] 6호 뉴 로즈.jpg,2025-11-24,11:43:47
에스쁘아,[메리베리/볼륨밤 기획] 에스쁘아 노웨어 립스틱 바밍 글로우 3g / 15 colors,7호 애쉬 메이플,https://image.oliveyoung.co.kr/cfimages/cf-goods/uploads/images/options/item/2024/1/3778039741895924991.jpg?RS=100x0&QT=85&SF=webp&sharpen=1x0.5,에스쁘아_7호 애쉬 메이플.jpg,2025-11-24,11:43:47
에스쁘아,[메리베리/볼륨밤 기획] 에스쁘아 노웨어 립스틱 바밍 글로우 3g / 15 colors,9호 퍼시몬,https://image.oliveyoung.co.kr/cfimages/cf-goods/uploads/images/options/item/2024/8/3871008367805787574.jpg?RS=100x0&QT=85&SF=webp&sharpen=1x0.5,에스쁘아_9호 퍼시몬.jpg,2025-11-24,11:43:47
에스쁘아,[메리베리/볼륨밤 기획] 에스쁘아 노웨어 립스틱 바밍 글로우 3g / 15 colors,10호 피치라이즈,https://image.oliveyoung.co.kr/cfimages/cf-goods/uploads/images/options/item/2024/8/3375126305257922007.jpg?RS=100x0&QT=85&SF=webp&sharpen=1x0.5,에스쁘아_10호 피치라이즈.jpg,2025-11-24,11:43:47
에스쁘아,[메리베리/볼륨밤 기획] 에스쁘아 노웨어 립스틱 바밍 글로우 3g / 15 colors,11호 그레이피,https://image.oliveyoung.co.kr/cfimages/cf-goods/uploads/images/options/item/2024/8/1352366963009764893.jpg?RS=100x0&QT=85&SF=webp&sharpen=1x0.5,에스쁘아_11호 그레이피.jpg,2025-11-24,11:43:47
에스쁘아,[메리베리/볼륨밤 기획] 에스쁘아 노웨어 립스틱 바밍 글로우 3g / 15 colors,[디즈니] 13호 비트 라일락,https://image.oliveyoung.co.kr/cfimages/cf-goods/uploads/images/options/item/2025/4/4030299665290073352.jpg?RS=100x0&QT=85&SF=webp&sharpen=1x0.5,에스쁘아_[디즈니] 13호 비트 라일락.jpg,2025-11-24,11:43:47
에스쁘아,[메리베리/볼륨밤 기획] 에스쁘아 노웨어 립스틱 바밍 글로우 3g / 15 colors,[디즈니] 14호 스웨이 코랄,https://image.oliveyoung.co.kr/cfimages/cf-goods/uploads/images/options/item/2025/4/4484885594310450828.jpg?RS=100x0&QT=85&SF=webp&sharpen=1x0.5,에스쁘아_[디즈니] 14호 스웨이 코랄.jpg,2025-11-24,11:43:47
에스쁘아,[메리베리/볼륨밤 기획] 에스쁘아 노웨어 립스틱 바밍 글로우 3g / 15 colors,15호 피치 듀,https://image.oliveyoung.co.kr/cfimages/cf-goods/uploads/images/options/item/2025/4/6059849371434170589.jpg?RS=100x0&QT=85&SF=webp&sharpen=1x0.5,에스쁘아_15호 피치 듀.jpg,2025-11-24,11:43:47
에스쁘아,[메리베리/볼륨밤 기획] 에스쁘아 노웨어 립스틱 바밍 글로우 3g / 15 colors,16호 피치 바이브,https://image.oliveyoung.co.kr/cfimages/cf-goods/uploads/images/options/item/2025/4/6033446708717337703.jpg?RS=100x0&QT=85&SF=webp&sharpen=1x0.5,에스쁘아_16호 피치 바이브.jpg,2025-11-24,11:43:47
바닐라코,바닐라코 스머징 립 펜슬 0.8g 6종,발레리나,https://image.oliveyoung.co.kr/cfimages/cf-goods/uploads/images/options/item/2024/3/5723493967968830560.jpg?RS=100x0&QT=85&SF=webp&sharpen=1x0.5,바닐라코_발레리나.jpg,2025-11-24,11:43:48
바닐라코,바닐라코 스머징 립 펜슬 0.8g 6종,살몬 누드,https://image.oliveyoung.co.kr/cfimages/cf-goods/uploads/images/options/item/2024/3/4059889408222424855.jpg?RS=100x0&QT=85&SF=webp&sharpen=1x0.5,바닐라코_살몬 누드.jpg,2025-11-24,11:43:48
바닐라코,바닐라코 스머징 립 펜슬 0.8g 6종,코랄 슈,https://image.oliveyoung.co.kr/cfimages/cf-goods/uploads/images/options/item/2023/6/1460000142340294888.jpg?RS=100x0&QT=85&SF=webp&sharpen=1x0.5,바닐라코_코랄 슈.jpg,2025-11-24,11:43:48
바닐라코,바닐라코 스머징 립 펜슬 0.8g 6종,핑크 슈,https://image.oliveyoung.co.kr/cfimages/cf-goods/uploads/images/options/item/2023/6/3293206505240485333.jpg?RS=100x0&QT=85&SF=webp&sharpen=1x0.5,바닐라코_핑크 슈.jpg,2025-11-24,11:43:48
바닐라코,바닐라코 스머징 립 펜슬 0.8g 6종,누드 베이지,https://image.oliveyoung.co.kr/cfimages/cf-goods/uploads/images/options/item/2023/6/3705810611583516592.jpg?RS=100x0&QT=85&SF=webp&sharpen=1x0.5,바닐라코_누드 베이지.jpg,2025-11-24,11:43:48
바닐라코,바닐라코 스머징 립 펜슬 0.8g 6종,누드 로즈,https://image.oliveyoung.co.kr/cfimages/cf-goods/uploads/images/options/item/2023/6/8144438027034205626.jpg?RS=100x0&QT=85&SF=webp&sharpen=1x0.5,바닐라코_누드 로즈.jpg,2025-11-24,11:43:48
3CE,3CE 캐시미어 허그 립스틱 3.5g 10종 단품/기획,[기획] 니트+파우치,https://image.oliveyoung.co.kr/cfimages/cf-goods/uploads/images/options/item/2025/9/2173714759224961451.jpg?RS=100x0&QT=85&SF=webp&sharpen=1x0.5,3CE_[기획] 니트+파우치.jpg,2025-11-24,11:43:48
3CE,3CE 캐시미어 허그 립스틱 3.5g 10종 단품/기획,[기획] 허쉬 레드+파우치,https://image.oliveyoung.co.kr/cfimages/cf-goods/uploads/images/options/item/2025/9/120415975096324147.jpg?RS=100x0&QT=85&SF=webp&sharpen=1x0.5,3CE_[기획] 허쉬 레드+파우치.jpg,2025-11-24,11:43:48
3CE,3CE 캐시미어 허그 립스틱 3.5g 10종 단품/기획,퓨어 블렌딩(여름쿨&베이스립 추천),https://image.oliveyoung.co.kr/cfimages/cf-goods/uploads/images/options/item/2024/10/5390973803276302944.png?RS=100x0&QT=100&SF=webp&sharpen=1x0.5,3CE_퓨어 블렌딩(여름쿨&베이스립 추천).jpg,2025-11-24,11:43:48
3CE,3CE 캐시미어 허그 립스틱 3.5g 10종 단품/기획,오트(봄웜&베이스립 추천),https://image.oliveyoung.co.kr/cfimages/cf-goods/uploads/images/options/item/2024/10/4023756824444742114.png?RS=100x0&QT=100&SF=webp&sharpen=1x0.5,3CE_오트(봄웜&베이스립 추천).jpg,2025-11-24,11:43:48
3CE,3CE 캐시미어 허그 립스틱 3.5g 10종 단품/기획,유어 사이드(여름쿨 추천),https://image.oliveyoung.co.kr/cfimages/cf-goods/uploads/images/options/item/2024/10/6740347602876405715.png?RS=100x0&QT=100&SF=webp&sharpen=1x0.5,3CE_유어 사이드(여름쿨 추천).jpg,2025-11-24,11:43:48
3CE,3CE 캐시미어 허그 립스틱 3.5g 10종 단품/기획,텍스트 미(겨울쿨 추천),https://image.oliveyoung.co.kr/cfimages/cf-goods/uploads/images/options/item/2024/10/5391355691307859794.png?RS=100x0&QT=100&SF=webp&sharpen=1x0.5,3CE_텍스트 미(겨울쿨 추천).jpg,2025-11-24,11:43:48
3CE,3CE 캐시미어 허그 립스틱 3.5g 10종 단품/기획,코지 위스퍼(쿨 베스트),https://image.oliveyoung.co.kr/cfimages/cf-goods/uploads/images/options/item/2024/10/312933247606577454.png?RS=100x0&QT=100&SF=webp&sharpen=1x0.5,3CE_코지 위스퍼(쿨 베스트).jpg,2025-11-24,11:43:48
3CE,3CE 캐시미어 허그 립스틱 3.5g 10종 단품/기획,버디(웜 추천),https://image.oliveyoung.co.kr/cfimages/cf-goods/uploads/images/options/item/2024/10/2335335440753020943.png?RS=100x0&QT=100&SF=webp&sharpen=1x0.5,3CE_버디(웜 추천).jpg,2025-11-24,11:43:48
3CE,3CE 캐시미어 허그 립스틱 3.5g 10종 단품/기획,니트(웜 베스트),https://image.oliveyoung.co.kr/cfimages/cf-goods/uploads/images/options/item/2024/10/2711151178054587158.png?RS=100x0&QT=100&SF=webp&sharpen=1x0.5,3CE_니트(웜 베스트).jpg,2025-11-24,11:43:48
3CE,3CE 캐시미어 허그 립스틱 3.5g 10종 단품/기획,허쉬 레드(뉴트럴 베스트),https://image.oliveyoung.co.kr/cfimages/cf-goods/uploads/images/options/item/2024/10/2604718396950200983.png?RS=100x0&QT=100&SF=webp&sharpen=1x0.5,3CE_허쉬 레드(뉴트럴 베스트).jpg,2025-11-24,11:43:48
3CE,3CE 캐시미어 허그 립스틱 3.5g 10종 단품/기획,토프 베이지(가을웜 추천),https://image.oliveyoung.co.kr/cfimages/cf-goods/uploads/images/options/item/2024/10/4782871227526007872.png?RS=100x0&QT=100&SF=webp&sharpen=1x0.5,3CE_토프 베이지(가을웜 추천).jpg,2025-11-24,11:43:48
3CE,3CE 캐시미어 허그 립스틱 3.5g 10종 단품/기획,드리미(겨울쿨 추천),https://image.oliveyoung.co.kr/cfimages/cf-goods/uploads/images/options/item/2024/10/5303059070189065594.png?RS=100x0&QT=100&SF=webp&sharpen=1x0.5,3CE_드리미(겨울쿨 추천).jpg,2025-11-24,11:43:48
노노어,[NEW 컬러] 노노어 오버 듀 립펜슬 9colors,001 캐시미어 로즈,https://image.oliveyoung.co.kr/cfimages/cf-goods/uploads/images/options/item/2024/7/2181978939736659610.jpg?RS=100x0&QT=85&SF=webp&sharpen=1x0.5,노노어_001 캐시미어 로즈.jpg,2025-11-24,11:43:49
노노어,[NEW 컬러] 노노어 오버 듀 립펜슬 9colors,002 스웨이드 로지브라운,https://image.oliveyoung.co.kr/cfimages/cf-goods/uploads/images/options/item/2024/7/4353532916699808513.jpg?RS=100x0&QT=85&SF=webp&sharpen=1x0.5,노노어_002 스웨이드 로지브라운.jpg,2025-11-24,11:43:49
노노어,[NEW 컬러] 노노어 오버 듀 립펜슬 9colors,003 쉬폰 피치에코,https://image.oliveyoung.co.kr/cfimages/cf-goods/uploads/images/options/item/2024/7/920887633281700590.jpg?RS=100x0&QT=85&SF=webp&sharpen=1x0.5,노노어_003 쉬폰 피치에코.jpg,2025-11-24,11:43:49
노노어,[NEW 컬러] 노노어 오버 듀 립펜슬 9colors,005 프린지 레드우드,https://image.oliveyoung.co.kr/cfimages/cf-goods/uploads/images/options/item/2024/7/4661020754970947560.jpg?RS=100x0&QT=85&SF=webp&sharpen=1x0.5,노노어_005 프린지 레드우드.jpg,2025-11-24,11:43:49
노노어,[NEW 컬러] 노노어 오버 듀 립펜슬 9colors,101 코트 어스터치,https://image.oliveyoung.co.kr/cfimages/cf-goods/uploads/images/options/item/2024/7/3099990895408649897.jpg?RS=100x0&QT=85&SF=webp&sharpen=1x0.5,노노어_101 코트 어스터치.jpg,2025-11-24,11:43:49
노노어,[NEW 컬러] 노노어 오버 듀 립펜슬 9colors,102 실루엣 샌드,https://image.oliveyoung.co.kr/cfimages/cf-goods/uploads/images/options/item/2024/7/34965318245555829.jpg?RS=100x0&QT=85&SF=webp&sharpen=1x0.5,노노어_102 실루엣 샌드.jpg,2025-11-24,11:43:49
노노어,[NEW 컬러] 노노어 오버 듀 립펜슬 9colors,006 베일드 피오니 핑크,https://image.oliveyoung.co.kr/cfimages/cf-goods/uploads/images/options/item/2025/4/5857777761637612191.jpg?RS=100x0&QT=85&SF=webp&sharpen=1x0.5,노노어_006 베일드 피오니 핑크.jpg,2025-11-24,11:43:49
노노어,[NEW 컬러] 노노어 오버 듀 립펜슬 9colors,007 슬릿 페일 피치,https://image.oliveyoung.co.kr/cfimages/cf-goods/uploads/images/options/item/2025/4/4068499956394368500.jpg?RS=100x0&QT=85&SF=webp&sharpen=1x0.5,노노어_007 슬릿 페일 피치.jpg,2025-11-24,11:43:49
노노어,[NEW 컬러] 노노어 오버 듀 립펜슬 9colors,008 타프타 피치 더스트,https://image.oliveyoung.co.kr/cfimages/cf-goods/uploads/images/options/item/2025/4/4362943274267283300.jpg?RS=100x0&QT=85&SF=webp&sharpen=1x0.5,노노어_008 타프타 피치 더스트.jpg,2025-11-24,11:43:49
클리오,클리오 벨벳 립펜슬 1.45g 8종 (+샤프너 증정),[샤프너내장] 1 로지핑크,https://image.oliveyoung.co.kr/cfimages/cf-goods/uploads/images/options/item/2024/5/2184727011048173197.jpg?RS=100x0&QT=85&SF=webp&sharpen=1x0.5,클리오_[샤프너내장] 1 로지핑크.jpg,2025-11-24,11:43:49
클리오,클리오 벨벳 립펜슬 1.45g 8종 (+샤프너 증정),[샤프너내장] 2 피치베이지,https://image.oliveyoung.co.kr/cfimages/cf-goods/uploads/images/options/item/2024/5/1776071757558815991.jpg?RS=100x0&QT=85&SF=webp&sharpen=1x0.5,클리오_[샤프너내장] 2 피치베이지.jpg,2025-11-24,11:43:49
클리오,클리오 벨벳 립펜슬 1.45g 8종 (+샤프너 증정),[샤프너내장] 09 모카로즈,https://image.oliveyoung.co.kr/cfimages/cf-goods/uploads/images/options/item/2025/8/2160115884471908201.jpg?RS=100x0&QT=85&SF=webp&sharpen=1x0.5,클리오_[샤프너내장] 09 모카로즈.jpg,2025-11-24,11:43:49
클리오,클리오 벨벳 립펜슬 1.45g 8종 (+샤프너 증정),[샤프너내장] 10 코지누드,https://image.oliveyoung.co.kr/cfimages/cf-goods/uploads/images/options/item/2025/8/1198909017547846751.jpg?RS=100x0&QT=85&SF=webp&sharpen=1x0.5,클리오_[샤프너내장] 10 코지누드.jpg,2025-11-24,11:43:49
클리오,클리오 벨벳 립펜슬 1.45g 8종 (+샤프너 증정),[샤프너내장] 11 피치크림,https://image.oliveyoung.co.kr/cfimages/cf-goods/uploads/images/options/item/2025/8/5758073444018686709.jpg?RS=100x0&QT=85&SF=webp&sharpen=1x0.5,클리오_[샤프너내장] 11 피치크림.jpg,2025-11-24,11:43:49
클리오,클리오 벨벳 립펜슬 1.45g 8종 (+샤프너 증정),[샤프너내장] 12 블러쉬핑크,https://image.oliveyoung.co.kr/cfimages/cf-goods/uploads/images/options/item/2025/8/5606387252122337586.jpg?RS=100x0&QT=85&SF=webp&sharpen=1x0.5,클리오_[샤프너내장] 12 블러쉬핑크.jpg,2025-11-24,11:43:49
클리오,클리오 벨벳 립펜슬 1.45g 8종 (+샤프너 증정),[샤프너내장] 13 뮤티드모브,https://image.oliveyoung.co.kr/cfimages/cf-goods/uploads/images/options/item/2025/8/9037732341296021138.jpg?RS=100x0&QT=85&SF=webp&sharpen=1x0.5,클리오_[샤프너내장] 13 뮤티드모브.jpg,2025-11-24,11:43:49
클리오,클리오 벨벳 립펜슬 1.45g 8종 (+샤프너 증정),[샤프너내장] 14 헤이즐넛토프,https://image.oliveyoung.co.kr/cfimages/cf-goods/uploads/images/options/item/2025/8/9121995994795424867.jpg?RS=100x0&QT=85&SF=webp&sharpen=1x0.5,클리오_[샤프너내장] 14 헤이즐넛토프.jpg,2025-11-24,11:43:49
웨이크메이크,[립파우치 기획] 웨이크메이크 소프트 블러링 밤 스틱 14COLOR(단품/기획),[립파우치 증정]12 비러브드로즈,https://image.oliveyoung.co.kr/cfimages/cf-goods/uploads/images/options/item/2025/8/1981119537853274629.jpg?RS=100x0&QT=85&SF=webp&sharpen=1x0.5,웨이크메이크_[립파우치 증정]12 비러브드로즈.jpg,2025-11-24,11:43:49
웨이크메이크,[립파우치 기획] 웨이크메이크 소프트 블러링 밤 스틱 14COLOR(단품/기획),[재입고]13 볼드 누드,https://image.oliveyoung.co.kr/cfimages/cf-goods/uploads/images/options/item/2025/9/8245555973509907929.jpg?RS=100x0&QT=85&SF=webp&sharpen=1x0.5,웨이크메이크_[재입고]13 볼드 누드.jpg,2025-11-24,11:43:49
웨이크메이크,[립파우치 기획] 웨이크메이크 소프트 블러링 밤 스틱 14COLOR(단품/기획),[재입고]14 와일드 토프,https://image.oliveyoung.co.kr/cfimages/cf-goods/uploads/images/options/item/2025/9/72809565603709997.jpg?RS=100x0&QT=85&SF=webp&sharpen=1x0.5,웨이크메이크_[재입고]14 와일드 토프.jpg,2025-11-24,11:43:49
웨이크메이크,[립파우치 기획] 웨이크메이크 소프트 블러링 밤 스틱 14COLOR(단품/기획),01 러브 피버,https://image.oliveyoung.co.kr/cfimages/cf-goods/uploads/images/options/item/2025/8/7524762244796817582.jpg?RS=100x0&QT=85&SF=webp&sharpen=1x0.5,웨이크메이크_01 러브 피버.jpg,2025-11-24,11:43:49
웨이크메이크,[립파우치 기획] 웨이크메이크 소프트 블러링 밤 스틱 14COLOR(단품/기획),02 밀크 애프리콧,https://image.oliveyoung.co.kr/cfimages/cf-goods/uploads/images/options/item/2025/8/4010544112795314830.jpg?RS=100x0&QT=85&SF=webp&sharpen=1x0.5,웨이크메이크_02 밀크 애프리콧.jpg,2025-11-24,11:43:49
웨이크메이크,[립파우치 기획] 웨이크메이크 소프트 블러링 밤 스틱 14COLOR(단품/기획),03 샤이 유스,https://image.oliveyoung.co.kr/cfimages/cf-goods/uploads/images/options/item/2025/8/3332675624463506828.jpg?RS=100x0&QT=85&SF=webp&sharpen=1x0.5,웨이크메이크_03 샤이 유스.jpg,2025-11-24,11:43:49
웨이크메이크,[립파우치 기획] 웨이크메이크 소프트 블러링 밤 스틱 14COLOR(단품/기획),04 피치 베베,https://image.oliveyoung.co.kr/cfimages/cf-goods/uploads/images/options/item/2025/8/4312339920056814544.jpg?RS=100x0&QT=85&SF=webp&sharpen=1x0.5,웨이크메이크_04 피치 베베.jpg,2025-11-24,11:43:49
웨이크메이크,[립파우치 기획] 웨이크메이크 소프트 블러링 밤 스틱 14COLOR(단품/기획),05 블러쉬드 핑크,https://image.oliveyoung.co.kr/cfimages/cf-goods/uploads/images/options/item/2025/8/7229219790884121511.jpg?RS=100x0&QT=85&SF=webp&sharpen=1x0.5,웨이크메이크_05 블러쉬드 핑크.jpg,2025-11-24,11:43:49
웨이크메이크,[립파우치 기획] 웨이크메이크 소프트 블러링 밤 스틱 14COLOR(단품/기획),06 니트,https://image.oliveyoung.co.kr/cfimages/cf-goods/uploads/images/options/item/2025/8/4316752824843843539.jpg?RS=100x0&QT=85&SF=webp&sharpen=1x0.5,웨이크메이크_06 니트.jpg,2025-11-24,11:43:49
웨이크메이크,[립파우치 기획] 웨이크메이크 소프트 블러링 밤 스틱 14COLOR(단품/기획),07 허쉬 모브,https://image.oliveyoung.co.kr/cfimages/cf-goods/uploads/images/options/item/2025/8/2650258551529025920.jpg?RS=100x0&QT=85&SF=webp&sharpen=1x0.5,웨이크메이크_07 허쉬 모브.jpg,2025-11-24,11:43:49
웨이크메이크,[립파우치 기획] 웨이크메이크 소프트 블러링 밤 스틱 14COLOR(단품/기획),08 메이플 코랄,https://image.oliveyoung.co.kr/cfimages/cf-goods/uploads/images/options/item/2025/8/5294011391674587938.jpg?RS=100x0&QT=85&SF=webp&sharpen=1x0.5,웨이크메이크_08 메이플 코랄.jpg,2025-11-24,11:43:49
웨이크메이크,[립파우치 기획] 웨이크메이크 소프트 블러링 밤 스틱 14COLOR(단품/기획),09 힙 베리,https://image.oliveyoung.co.kr/cfimages/cf-goods/uploads/images/options/item/2025/8/2756934891993333609.jpg?RS=100x0&QT=85&SF=webp&sharpen=1x0.5,웨이크메이크_09 힙 베리.jpg,2025-11-24,11:43:49
웨이크메이크,[립파우치 기획] 웨이크메이크 소프트 블러링 밤 스틱 14COLOR(단품/기획),10 클리어 레드,https://image.oliveyoung.co.kr/cfimages/cf-goods/uploads/images/options/item/2025/8/2077931963256196280.jpg?RS=100x0&QT=85&SF=webp&sharpen=1x0.5,웨이크메이크_10 클리어 레드.jpg,2025-11-24,11:43:49
웨이크메이크,[립파우치 기획] 웨이크메이크 소프트 블러링 밤 스틱 14COLOR(단품/기획),11 로즈뱅,https://image.oliveyoung.co.kr/cfimages/cf-goods/uploads/images/options/item/2025/8/7235541196487418794.jpg?RS=100x0&QT=85&SF=webp&sharpen=1x0.5,웨이크메이크_11 로즈뱅.jpg,2025-11-24,11:43:49
