product_id,category,brand,option,r,g,b,L,a,b,hex,case_type,timestamp
TEMP102766,liptint,3CE,넥타,136,71,69,11.4447,27.3571,13.6927,#884745,A_normal,2025-11-25 13:49:46
TEMP762967,liptint,3CE,니트웜베스트,209,79,86,15.491,51.7935,23.4458,#D14F56,A_normal,2025-11-25 13:49:46
TEMP564443,liptint,3CE,드리미겨울쿨추천,164,82,91,13.5597,34.6759,10.5283,#A4525B,A_normal,2025-11-25 13:49:46
TEMP129596,liptint,3CE,라일락글레이즈,185,105,131,16.2266,35.1042,-0.286,#B96983,A_normal,2025-11-25 13:49:46
TEMP852265,liptint,3CE,레드뮤즈,222,67,66,15.5315,59.7212,35.7543,#DE4342,A_normal,2025-11-25 13:49:46
TEMP384473,liptint,3CE,레인오어샤인,210,108,116,17.3228,40.8499,14.1608,#D26C74,A_normal,2025-11-25 13:49:46
TEMP392834,liptint,3CE,머머링,220,121,109,18.4958,37.2004,23.725,#DC796D,A_normal,2025-11-25 13:49:46
TEMP667917,liptint,3CE,밀키섀도우,183,119,102,16.893,23.0775,19.7074,#B77766,A_normal,2025-11-25 13:49:46
TEMP132972,liptint,3CE,버디웜추천,218,109,105,17.6552,42.2341,22.2066,#DA6D69,A_normal,2025-11-25 13:49:46
TEMP800237,liptint,3CE,세컨드스킨,166,81,75,13.4833,34.4041,19.9232,#A6514B,A_normal,2025-11-25 13:49:46
TEMP844803,liptint,3CE,센슈얼브리즈,189,99,88,15.7026,34.9609,22.6284,#BD6358,A_normal,2025-11-25 13:49:46
TEMP805551,liptint,3CE,소프티스트,215,130,123,18.9645,31.9455,17.8205,#D7827B,A_normal,2025-11-25 13:49:46
TEMP888127,liptint,3CE,스모크핑크,210,89,85,16.0497,47.5186,26.4841,#D25955,A_normal,2025-11-25 13:49:46
TEMP474561,liptint,3CE,스피크투미,184,73,62,13.8152,44.2134,29.6359,#B8493E,A_normal,2025-11-25 13:49:46
TEMP649799,liptint,3CE,오트봄웜베이스립추천,229,137,122,19.9464,33.4913,23.1275,#E5897A,A_normal,2025-11-25 13:49:46
TEMP974318,liptint,3CE,오팔샤워,210,149,149,20.2659,22.9531,9.191,#D29595,A_normal,2025-11-25 13:49:46
TEMP148075,liptint,3CE,워미시무브,204,117,82,17.4601,30.8394,33.9294,#CC7552,A_normal,2025-11-25 13:49:46
TEMP008144,liptint,3CE,웨이백,194,115,99,17.0152,29.3712,22.2131,#C27363,A_normal,2025-11-25 13:49:46
TEMP310727,liptint,3CE,유어사이드여름쿨추천,241,102,132,18.4637,56.0095,10.8896,#F16684,A_normal,2025-11-25 13:49:46
TEMP112521,liptint,3CE,이터널웜,186,110,88,16.3026,27.8575,25.1748,#BA6E58,A_normal,2025-11-25 13:49:46
TEMP490351,liptint,3CE,칠무브,151,70,67,12.0574,33.6827,18.0728,#974643,A_normal,2025-11-25 13:49:46
TEMP369718,liptint,3CE,코지위스퍼쿨베스트,218,85,106,16.3495,53.7094,15.7156,#DA556A,A_normal,2025-11-25 13:49:46
TEMP147986,liptint,3CE,콜디스트,121,46,66,9.1297,34.6861,4.4926,#792E42,A_normal,2025-11-25 13:49:46
TEMP677070,liptint,3CE,텍스트미겨울쿨추천,185,58,87,13.2834,52.8506,12.2167,#B93A57,A_normal,2025-11-25 13:49:46
TEMP190464,liptint,3CE,토프베이지가을웜추천,190,112,97,16.645,29.2176,21.6196,#BE7061,A_normal,2025-11-25 13:49:46
TEMP553630,liptint,3CE,패시네이티드,223,117,147,18.6303,44.3786,2.7013,#DF7593,A_normal,2025-11-25 13:49:46
TEMP984012,liptint,3CE,포커스온미,219,103,88,17.259,44.2468,30.2007,#DB6758,A_normal,2025-11-25 13:49:46
TEMP629467,liptint,3CE,퓨어블렌딩여름쿨베이스립추천,236,135,148,20.2511,39.9028,10.1065,#EC8794,A_normal,2025-11-25 13:49:46
TEMP358437,liptint,3CE,허쉬레드뉴트럴베스트,218,62,80,15.1831,61.0369,25.9771,#DA3E50,A_normal,2025-11-25 13:49:46
TEMP965612,liptint,3CE,헤이지로즈,175,76,79,13.6284,40.7073,18.4039,#AF4C4F,A_normal,2025-11-25 13:49:46
TEMP358685,liptint,네이밍,ANN안,237,150,150,21.266,32.6837,13.7824,#ED9696,A_normal,2025-11-25 13:49:46
TEMP400431,liptint,네이밍,BREVITY브레버티,203,154,133,20.2959,15.4235,18.1244,#CB9A85,A_normal,2025-11-25 13:49:46
TEMP273621,liptint,네이밍,FURTIVE퍼티브,201,117,130,17.6239,34.4121,7.291,#C97582,A_normal,2025-11-25 13:49:46
TEMP190357,liptint,네이밍,KNELL넬,212,140,123,19.5331,25.4125,20.3556,#D48C7B,A_normal,2025-11-25 13:49:46
TEMP634952,liptint,네이밍,MANDY맨디,178,104,94,15.6107,28.5141,18.4511,#B2685E,A_normal,2025-11-25 13:49:46
TEMP964117,liptint,네이밍,RIZZ리즈,215,130,130,19.0096,32.7196,14.0653,#D78282,A_normal,2025-11-25 13:49:46
TEMP393822,liptint,네이밍,TENZE텐즈,178,95,102,15.0687,34.2548,11.2391,#B25F66,A_normal,2025-11-25 13:49:46
TEMP528330,liptint,네이밍,UPTICK업틱,239,113,103,18.789,47.7293,28.8866,#EF7167,A_normal,2025-11-25 13:49:46
TEMP547272,liptint,노노어,001캐시미어로즈,186,101,109,15.8365,34.8586,10.8388,#BA656D,A_normal,2025-11-25 13:49:46
TEMP296733,liptint,노노어,002스웨이드로지브라운,161,106,101,15.145,21.3636,11.8567,#A16A65,A_normal,2025-11-25 13:49:46
TEMP793271,liptint,노노어,003쉬폰피치에코,205,102,89,16.5854,39.6065,26.3362,#CD6659,A_normal,2025-11-25 13:49:46
TEMP352105,liptint,노노어,005프린지레드우드,174,102,95,15.3212,28.1276,16.465,#AE665F,A_normal,2025-11-25 13:49:46
TEMP343034,liptint,노노어,006베일드피오니핑크,217,131,128,19.1375,32.7195,15.8291,#D98380,A_normal,2025-11-25 13:49:46
TEMP724970,liptint,노노어,007슬릿페일피치,218,158,142,21.1188,20.2344,17.1967,#DA9E8E,A_normal,2025-11-25 13:49:46
TEMP972530,liptint,노노어,008타프타피치더스트,218,183,163,23.0796,9.5665,14.8684,#DAB7A3,A_normal,2025-11-25 13:49:46
TEMP249278,liptint,노노어,101코트어스터치,123,88,72,12.2007,12.2118,14.9848,#7B5848,A_normal,2025-11-25 13:49:46
TEMP228037,liptint,노노어,102실루엣샌드,151,132,118,16.943,4.8696,10.213,#978476,A_normal,2025-11-25 13:49:46
TEMP059486,liptint,디어달리아,누디베이지아리아나,214,132,119,19.036,30.0695,20.3815,#D68477,A_normal,2025-11-25 13:49:46
TEMP767734,liptint,디어달리아,뉴트럴로즈페이,203,113,116,17.3456,35.6612,14.1206,#CB7174,A_normal,2025-11-25 13:49:46
TEMP814230,liptint,디어달리아,로지오렌지시에나,226,100,92,17.4283,48.5043,28.8667,#E2645C,A_normal,2025-11-25 13:49:46
TEMP640693,liptint,디어달리아,브라이트핑크크리스틴,235,90,117,17.486,57.9918,14.9081,#EB5A75,A_normal,2025-11-25 13:49:46
TEMP469731,liptint,디어달리아,소프트핑크에린,226,115,109,18.3762,42.5054,23.3387,#E2736D,A_normal,2025-11-25 13:49:46
TEMP971251,liptint,디어달리아,체리레드샬롯,218,16,17,13.8214,69.844,54.6938,#DA1011,A_normal,2025-11-25 13:49:46
TEMP977368,liptint,디어달리아,쿨핑크키이라,241,116,167,19.4854,53.3419,-4.2649,#F174A7,A_normal,2025-11-25 13:49:46
TEMP488346,liptint,디어달리아,피치코랄엘라,226,115,109,18.3762,42.5054,23.3387,#E2736D,A_normal,2025-11-25 13:49:46
TEMP854174,liptint,디어달리아,다이애나,135,69,80,11.346,29.3327,6.3207,#874550,A_normal,2025-11-25 13:49:46
TEMP271974,liptint,디어달리아,루나,223,121,108,18.612,38.2458,24.877,#DF796C,A_normal,2025-11-25 13:49:46
TEMP062508,liptint,디어달리아,에밀리,230,88,88,16.979,55.0616,29.3679,#E65858,A_normal,2025-11-25 13:49:46
TEMP114947,liptint,디어달리아,이사벨라,218,130,136,19.1633,34.536,11.4355,#DA8288,A_normal,2025-11-25 13:49:46
TEMP076252,liptint,디어달리아,카일리,203,77,100,15.1808,51.7736,13.531,#CB4D64,A_normal,2025-11-25 13:49:46
TEMP886275,liptint,디어달리아,클로이,183,28,36,11.8885,58.9232,37.3715,#B71C24,A_normal,2025-11-25 13:49:46
TEMP394741,liptint,디어달리아,펠리시아,155,60,70,11.6925,40.4899,14.6945,#9B3C46,A_normal,2025-11-25 13:49:46
TEMP200824,liptint,디어달리아,헤이즐,233,106,107,18.1542,49.2593,23.6715,#E96A6B,A_normal,2025-11-25 13:49:46
TEMP887858,liptint,롬앤,01더스티핑크,172,85,94,14.123,36.4248,11.5071,#AC555E,A_normal,2025-11-25 13:49:46
TEMP341387,liptint,롬앤,02올댓재즈,175,58,50,12.5409,47.0989,31.2161,#AF3A32,A_normal,2025-11-25 13:49:46
TEMP916180,liptint,롬앤,03실루엣,155,58,59,11.5192,40.574,20.7924,#9B3A3B,A_normal,2025-11-25 13:49:46
TEMP541269,liptint,롬앤,04비포선셋,172,66,76,12.9151,44.1884,16.9602,#AC424C,A_normal,2025-11-25 13:49:46
TEMP700833,liptint,롬앤,05이브닝,151,59,48,11.3109,37.8871,26.5059,#973B30,A_normal,2025-11-25 13:49:46
TEMP877294,liptint,롬앤,06어썸,220,87,80,16.4023,51.6036,31.1904,#DC5750,A_normal,2025-11-25 13:49:46
TEMP059367,liptint,롬앤,07엔비미,212,104,105,17.0996,42.5468,19.5642,#D46869,A_normal,2025-11-25 13:49:46
TEMP278130,liptint,롬앤,08어도러블,225,92,87,16.9323,51.5222,29.5778,#E15C57,A_normal,2025-11-25 13:49:46
TEMP001272,liptint,롬앤,09쉘누드,234,138,122,20.2008,34.8733,24.3766,#EA8A7A,A_normal,2025-11-25 13:49:46
TEMP192325,liptint,롬앤,10핑크샌드,207,110,118,17.3335,38.9313,12.9875,#CF6E76,A_normal,2025-11-25 13:49:46
TEMP751865,liptint,롬앤,11선라이트,216,32,71,14.1283,68.3829,26.8458,#D82047,A_normal,2025-11-25 13:49:46
TEMP978424,liptint,롬앤,12썸띵,222,53,75,15.0607,64.8931,28.5899,#DE354B,A_normal,2025-11-25 13:49:46
TEMP566101,liptint,롬앤,13레드카펫,160,24,42,10.3778,53.5832,26.8988,#A0182A,A_normal,2025-11-25 13:49:46
TEMP841627,liptint,롬앤,14스윗피,181,46,72,12.4826,54.9374,17.7922,#B52E48,A_normal,2025-11-25 13:49:46
TEMP778284,liptint,롬앤,15미드나잇,121,29,41,8.1096,40.0743,16.4298,#791D29,A_normal,2025-11-25 13:49:46
TEMP550446,liptint,롬앤,16대즐레드,209,49,39,14.054,60.8573,44.6035,#D13127,A_normal,2025-11-25 13:49:46
TEMP261107,liptint,롬앤,17레드히트,183,34,50,12.0959,57.9628,29.8664,#B72232,A_normal,2025-11-25 13:49:46
TEMP029558,liptint,롬앤,18태닝레드,170,39,45,11.454,52.4156,29.7464,#AA272D,A_normal,2025-11-25 13:49:46
TEMP698884,liptint,롬앤,19레드서퍼,193,14,55,12.3319,64.7125,28.2334,#C10E37,A_normal,2025-11-25 13:49:46
TEMP762911,liptint,롬앤,20레드다이브,142,19,41,9.1044,49.5835,21.5334,#8E1329,A_normal,2025-11-25 13:49:46
TEMP769668,liptint,롬앤,21스모크드베이지,191,117,103,17.0584,27.4941,20.0481,#BF7567,A_normal,2025-11-25 13:49:46
TEMP566953,liptint,롬앤,22모브빈즈,183,108,120,16.2559,31.2776,6.2887,#B76C78,A_normal,2025-11-25 13:49:46
TEMP252342,liptint,맥,디보티드투데인저,208,29,33,13.4415,65.4914,45.7254,#D01D21,A_normal,2025-11-25 13:49:46
TEMP277151,liptint,맥,루비뉴,203,12,43,12.8911,67.0243,38.1182,#CB0C2B,A_normal,2025-11-25 13:49:46
TEMP705253,liptint,맥,멀잇오버,187,97,81,15.4527,34.6465,25.549,#BB6151,A_normal,2025-11-25 13:49:46
TEMP061200,liptint,맥,스윗시나몬,181,68,58,13.3838,45.2163,30.1144,#B5443A,A_normal,2025-11-25 13:49:46
TEMP184071,liptint,맥,스테이큐리어스,181,71,79,13.6481,45.2604,18.664,#B5474F,A_normal,2025-11-25 13:49:46
TEMP757332,liptint,맥,진저렐라,188,73,70,14.0536,46.1469,26.057,#BC4946,A_normal,2025-11-25 13:49:46
TEMP788900,liptint,맥,핫파프리카,252,70,50,17.2136,67.2977,51.9485,#FC4632,A_normal,2025-11-25 13:49:46
TEMP524900,liptint,바닐라코,누드로즈,211,135,133,19.2174,28.874,13.2635,#D38785,A_normal,2025-11-25 13:49:46
TEMP566778,liptint,바닐라코,누드베이지,219,148,136,20.4107,25.2934,17.2625,#DB9488,A_normal,2025-11-25 13:49:46
TEMP261551,liptint,바닐라코,발레리나,232,118,106,18.7922,42.9591,27.0237,#E8766A,A_normal,2025-11-25 13:49:46
TEMP590420,liptint,바닐라코,살몬누드,207,152,133,20.2768,18.0901,18.103,#CF9885,A_normal,2025-11-25 13:49:46
TEMP173393,liptint,바닐라코,코랄슈,228,138,123,19.98,32.6813,22.7008,#E48A7B,A_normal,2025-11-25 13:49:46
TEMP720067,liptint,바닐라코,핑크슈,220,137,144,19.7535,32.5273,9.7287,#DC8990,A_normal,2025-11-25 13:49:46
TEMP591632,liptint,에스쁘아,10호피치라이즈,212,102,107,16.9947,43.7269,17.9282,#D4666B,A_normal,2025-11-25 13:49:46
TEMP762224,liptint,에스쁘아,11호그레이피,191,20,65,12.3466,63.8234,21.9589,#BF1441,A_normal,2025-11-25 13:49:46
TEMP222528,liptint,에스쁘아,15호피치듀,231,107,102,18.0928,47.6813,26.1979,#E76B66,A_normal,2025-11-25 13:49:46
TEMP317344,liptint,에스쁘아,16호피치바이브,236,74,90,16.6672,62.759,27.0788,#EC4A5A,A_normal,2025-11-25 13:49:46
TEMP792433,liptint,에스쁘아,1호포그모브,201,64,89,14.4056,55.6619,16.5759,#C94059,A_normal,2025-11-25 13:49:46
TEMP741901,liptint,에스쁘아,2호베리코어,254,6,32,15.9869,79.7545,57.0431,#FE0620,A_normal,2025-11-25 13:49:46
TEMP026492,liptint,에스쁘아,2호카인다핑크,229,113,136,18.5608,47.1911,8.7966,#E57188,A_normal,2025-11-25 13:49:46
TEMP334901,liptint,에스쁘아,3호크랜베리,187,3,40,11.7656,63.8349,34.8793,#BB0328,A_normal,2025-11-25 13:49:46
TEMP004449,liptint,에스쁘아,3호푸시안,244,44,110,16.2608,75.2757,13.629,#F42C6E,A_normal,2025-11-25 13:49:46
TEMP601066,liptint,에스쁘아,4호레디셋고,236,30,64,15.2542,73.5801,36.4991,#EC1E40,A_normal,2025-11-25 13:49:46
TEMP493250,liptint,에스쁘아,4호헤이베스티,253,68,137,17.6447,73.1686,4.3446,#FD4489,A_normal,2025-11-25 13:49:46
TEMP089588,liptint,에스쁘아,5호로지퍼지,216,98,104,16.9273,46.8475,19.4671,#D86268,A_normal,2025-11-25 13:49:46
TEMP359119,liptint,에스쁘아,5호블루베리,192,77,115,14.7593,49.6283,2.2497,#C04D73,A_normal,2025-11-25 13:49:46
TEMP129063,liptint,에스쁘아,6호뉴로즈,241,119,140,19.4393,48.8209,10.8946,#F1778C,A_normal,2025-11-25 13:49:46
TEMP543653,liptint,에스쁘아,6호코랄커드,250,83,96,17.7921,64.0358,28.9086,#FA5360,A_normal,2025-11-25 13:49:46
TEMP588561,liptint,에스쁘아,7호애쉬메이플,213,104,96,17.0919,42.1441,24.7471,#D56860,A_normal,2025-11-25 13:49:46
TEMP445872,liptint,에스쁘아,7호탠지버터,241,119,85,19.1398,44.3321,40.3005,#F17755,A_normal,2025-11-25 13:49:46
TEMP132485,liptint,에스쁘아,8호애쉬코코아,124,54,47,9.6302,29.8491,19.1565,#7C362F,A_normal,2025-11-25 13:49:46
TEMP299825,liptint,에스쁘아,9호퍼시몬,216,30,34,13.9527,67.4636,47.3514,#D81E22,A_normal,2025-11-25 13:49:46
TEMP157112,liptint,에스쁘아,디즈니13호비트라일락,188,12,58,12.0061,63.8283,24.7924,#BC0C3A,A_normal,2025-11-25 13:49:46
TEMP414668,liptint,에스쁘아,디즈니14호스웨이코랄,225,73,77,15.9872,58.9518,31.3822,#E1494D,A_normal,2025-11-25 13:49:46
TEMP417032,liptint,에스쁘아,메리베리에디션18호누디베리,180,92,81,14.8322,34.5554,22.6631,#B45C51,A_normal,2025-11-25 13:49:46
TEMP604754,liptint,에스쁘아,메리베리에디션19호메리베리,152,49,69,10.9687,44.373,11.9495,#983145,A_normal,2025-11-25 13:49:46
TEMP468060,liptint,에스쁘아,메리베리에디션2호베리코어,254,6,32,15.9869,79.7545,57.0431,#FE0620,A_normal,2025-11-25 13:49:46
TEMP527264,liptint,에크멀,01피더리핑크,239,179,187,23.5702,22.9285,4.4821,#EFB3BB,A_normal,2025-11-25 13:49:46
TEMP184511,liptint,에크멀,02플러피코랄,244,199,191,25.1654,14.7511,10.0301,#F4C7BF,A_normal,2025-11-25 13:49:46
TEMP874643,liptint,에크멀,03멜로우베이지,210,191,171,23.5218,3.476,12.5323,#D2BFAB,A_normal,2025-11-25 13:49:46
TEMP304354,liptint,에크멀,04미스티모즈,223,172,178,22.5248,19.5138,4.142,#DFACB2,A_normal,2025-11-25 13:49:46
TEMP842150,liptint,에크멀,05멜란지브라운,205,168,155,21.5381,11.553,11.8108,#CDA89B,A_normal,2025-11-25 13:49:46
TEMP088777,liptint,웨이크메이크,01러브피버,133,84,82,12.335,20.1515,9.6845,#855452,A_normal,2025-11-25 13:49:46
TEMP029663,liptint,웨이크메이크,01피치샤워,187,97,93,15.5196,35.6993,18.8383,#BB615D,A_normal,2025-11-25 13:49:46
TEMP096991,liptint,웨이크메이크,02밀크애프리콧,159,102,94,14.733,21.9635,14.0544,#9F665E,A_normal,2025-11-25 13:49:46
TEMP693475,liptint,웨이크메이크,02스윗챗,205,98,97,16.3914,42.2858,20.8567,#CD6261,A_normal,2025-11-25 13:49:46
TEMP571614,liptint,웨이크메이크,03샤이유스,147,73,70,12.0797,30.7727,16.2162,#934946,A_normal,2025-11-25 13:49:46
TEMP226610,liptint,웨이크메이크,03애플피즈,165,48,49,11.5324,47.7686,27.3882,#A53031,A_normal,2025-11-25 13:49:46
TEMP194696,liptint,웨이크메이크,04아몬드누드,166,82,66,13.4981,33.1373,25.3481,#A65242,A_normal,2025-11-25 13:49:46
TEMP946337,liptint,웨이크메이크,04피치베베,146,71,64,11.8687,30.9107,18.9423,#924740,A_normal,2025-11-25 13:49:46
TEMP935849,liptint,웨이크메이크,05로지냅,167,52,52,11.8346,46.9861,26.8678,#A73434,A_normal,2025-11-25 13:49:46
TEMP176331,liptint,웨이크메이크,05블러쉬드핑크,151,65,84,11.875,37.9464,6.655,#974154,A_normal,2025-11-25 13:49:46
TEMP553459,liptint,웨이크메이크,06니트,145,67,74,11.6332,33.6174,11.6533,#91434A,A_normal,2025-11-25 13:49:46
TEMP064698,liptint,웨이크메이크,06무디핑크,213,95,125,16.7706,49.2644,6.3654,#D55F7D,A_normal,2025-11-25 13:49:46
TEMP221860,liptint,웨이크메이크,07베리플러쉬,223,97,118,17.2821,51.001,13.0939,#DF6176,A_normal,2025-11-25 13:49:46
TEMP263992,liptint,웨이크메이크,07허쉬모브,120,64,63,10.2072,24.1161,11.4419,#78403F,A_normal,2025-11-25 13:49:46
TEMP152252,liptint,웨이크메이크,08메이플코랄,120,63,53,10.0728,23.6562,17.1646,#783F35,A_normal,2025-11-25 13:49:46
TEMP794783,liptint,웨이크메이크,08프레시핑크,210,62,102,14.8888,60.1801,11.1489,#D23E66,A_normal,2025-11-25 13:49:46
TEMP874774,liptint,웨이크메이크,09모브브리스,176,79,98,13.976,41.3834,8.4824,#B04F62,A_normal,2025-11-25 13:49:46
TEMP445273,liptint,웨이크메이크,09힙베리,125,42,50,9.0085,36.5531,14.5595,#7D2A32,A_normal,2025-11-25 13:49:46
TEMP911401,liptint,웨이크메이크,10클리어레드,120,48,49,9.069,31.6107,15.3142,#783031,A_normal,2025-11-25 13:49:46
TEMP559405,liptint,웨이크메이크,10피그레드,161,41,70,11.1385,50.4716,12.3554,#A12946,A_normal,2025-11-25 13:49:46
TEMP446892,liptint,웨이크메이크,11로즈뱅,124,53,47,9.5678,30.3864,18.8904,#7C352F,A_normal,2025-11-25 13:49:46
TEMP242461,liptint,웨이크메이크,재입고13볼드누드,140,94,86,13.3784,17.7281,12.2266,#8C5E56,A_normal,2025-11-25 13:49:46
TEMP787089,liptint,웨이크메이크,재입고14와일드토프,97,58,54,8.6972,16.7391,9.7763,#613A36,A_normal,2025-11-25 13:49:46
TEMP003341,liptint,컬러그램,01웜피치,195,115,111,17.1267,31.001,15.8376,#C3736F,A_normal,2025-11-25 13:49:46
TEMP477375,liptint,컬러그램,02쿨핑크,188,121,120,17.3324,26.0595,11.4636,#BC7978,A_normal,2025-11-25 13:49:46
TEMP956061,liptint,컬러그램,03누디피치,219,133,120,19.2955,31.5702,21.0982,#DB8578,A_normal,2025-11-25 13:49:46
TEMP974985,liptint,컬러그램,05쿨로즈,196,123,136,17.88,30.0889,4.9697,#C47B88,A_normal,2025-11-25 13:49:46
TEMP752179,liptint,컬러그램,06누디로즈,201,138,141,19.1311,24.4539,8.1663,#C98A8D,A_normal,2025-11-25 13:49:46
TEMP409417,liptint,클리오,01꿀복숭아,254,217,217,26.9171,12.8295,4.7776,#FED9D9,A_normal,2025-11-25 13:49:46
TEMP527748,liptint,클리오,03꿀앵두,246,48,89,16.3454,73.5791,26.6406,#F63059,A_normal,2025-11-25 13:49:46
TEMP482916,liptint,클리오,04꿀사과,213,63,72,14.9117,58.6898,29.3907,#D53F48,A_normal,2025-11-25 13:49:46
TEMP010637,liptint,클리오,06꿀무화과,217,95,81,16.6856,46.9142,31.6949,#D95F51,A_normal,2025-11-25 13:49:46
TEMP628968,liptint,클리오,앨리스07뮤즈로즈,190,72,84,14.1805,48.31,18.2736,#BE4854,A_normal,2025-11-25 13:49:46
TEMP080703,liptint,클리오,앨리스08루시드모브,194,79,122,15.0182,50.1453,-0.6721,#C24F7A,A_normal,2025-11-25 13:49:46
TEMP390747,liptint,클리오,앨리스09헤일로핑크,236,96,151,18.0846,59.0479,-2.034,#EC6097,A_normal,2025-11-25 13:49:46
TEMP072242,liptint,팁토우,001토슈즈,246,138,138,20.7571,40.9093,18.2579,#F68A8A,A_normal,2025-11-25 13:49:46
TEMP306136,liptint,팁토우,002모란,241,121,106,19.3501,44.7738,29.6924,#F1796A,A_normal,2025-11-25 13:49:46
TEMP133452,liptint,팁토우,003스트로베리,252,83,83,17.8338,63.9324,36.5584,#FC5353,A_normal,2025-11-25 13:49:46
TEMP064532,liptint,팁토우,004플럼시럽,195,71,80,14.3605,50.1472,21.6345,#C34750,A_normal,2025-11-25 13:49:46
TEMP839487,liptint,팁토우,006로지스텝,243,118,124,19.3623,48.4561,19.6758,#F3767C,A_normal,2025-11-25 13:49:46
TEMP183803,liptint,팁토우,007플랫헤이즐,242,131,122,20.0746,41.4689,23.9928,#F2837A,A_normal,2025-11-25 13:49:46
TEMP343869,liptint,팁토우,008피치포인,252,176,176,23.6924,27.7447,11.2063,#FCB0B0,A_normal,2025-11-25 13:49:46
TEMP046987,liptint,팁토우,010모브위스퍼,250,149,163,21.762,39.4764,9.1381,#FA95A3,A_normal,2025-11-25 13:49:46
TEMP578277,liptint,팁토우,NEW012히더잼,220,135,157,19.7202,35.2654,2.2286,#DC879D,A_normal,2025-11-25 13:49:46
TEMP033378,liptint,팁토우,NEW013보늬밤라떼,230,141,127,20.2748,32.2669,21.8503,#E68D7F,A_normal,2025-11-25 13:49:46
TEMP249048,liptint,팁토우,NEW014로즈우드,200,94,86,15.8717,41.5383,24.8334,#C85E56,A_normal,2025-11-25 13:49:46
TEMP263424,liptint,팁토우,NEW015블러디베리,196,67,85,14.2521,52.551,18.1651,#C44355,A_normal,2025-11-25 13:49:46
TEMP117410,liptint,하트퍼센트,01누디베이지,200,166,135,21.1163,7.9608,20.7337,#C8A687,A_normal,2025-11-25 13:49:46
TEMP199870,liptint,하트퍼센트,02핑크무스,194,126,123,17.9187,26.0128,12.5871,#C27E7B,A_normal,2025-11-25 13:49:46
TEMP939179,liptint,하트퍼센트,03로즈코튼,213,159,154,21.111,19.3424,10.4579,#D59F9A,A_normal,2025-11-25 13:49:46
TEMP677995,liptint,하트퍼센트,04코지핑크,208,149,152,20.2222,22.6115,7.2763,#D09598,A_normal,2025-11-25 13:49:46
TEMP497774,liptint,하트퍼센트,단품05뉴트럴그레이,166,150,131,18.8931,2.7491,12.1837,#A69683,A_normal,2025-11-25 13:49:46
TEMP531321,liptint,하트퍼센트,단품06뮤트피치,194,127,104,17.8714,23.3159,23.181,#C27F68,A_normal,2025-11-25 13:49:46
TEMP020333,liptint,하트퍼센트,일반립펜슬01피치베이지,215,144,126,19.9337,24.7565,20.5624,#D7907E,A_normal,2025-11-25 13:49:46
TEMP418889,liptint,하트퍼센트,일반립펜슬03오트베이지,186,151,130,19.5329,9.9484,16.0039,#BA9782,A_normal,2025-11-25 13:49:46
TEMP164037,liptint,하트퍼센트,일반립펜슬04스트로베리밀크,239,163,193,22.5227,32.308,-3.8861,#EFA3C1,A_normal,2025-11-25 13:49:46
TEMP886377,liptint,하트퍼센트,일반립펜슬05애프리콧코랄,248,161,152,22.3939,31.2392,18.12,#F8A198,A_normal,2025-11-25 13:49:46
TEMP536742,liptint,하트퍼센트,일반립펜슬06로즈베이지,205,139,132,19.2757,24.2771,13.9953,#CD8B84,A_normal,2025-11-25 13:49:46
TEMP636259,liptint,하트퍼센트,일반립펜슬07드라이로즈,196,126,120,17.971,26.4293,14.5827,#C47E78,A_normal,2025-11-25 13:49:46
TEMP105400,liptint,하트퍼센트,일반립펜슬08클라우디모브,175,125,136,17.2852,21.0492,1.7929,#AF7D88,A_normal,2025-11-25 13:49:46
TEMP653590,liptint,하트퍼센트,일반립펜슬09코지브라운,170,130,111,17.314,12.6892,16.2337,#AA826F,A_normal,2025-11-25 13:49:46
TEMP003086,liptint,하트퍼센트,일반립펜슬10클린베이지,233,202,173,24.9669,6.5693,18.5178,#E9CAAD,A_normal,2025-11-25 13:49:46
TEMP380320,liptint,하트퍼센트,일반립펜슬12카라멜베이지,203,147,124,19.7297,18.1575,20.5243,#CB937C,A_normal,2025-11-25 13:49:46
TEMP276465,liptint,하트퍼센트,일반립펜슬13베어립스,197,127,120,18.0766,26.2725,15.09,#C57F78,A_normal,2025-11-25 13:49:46
TEMP539836,liptint,하트퍼센트,일반립펜슬14캄핑크,222,158,173,21.4671,25.9407,1.7688,#DE9EAD,A_normal,2025-11-25 13:49:46
TEMP775964,liptint,하트퍼센트,일반립펜슬15모브립스,182,111,116,16.3902,28.7461,9.2523,#B66F74,A_normal,2025-11-25 13:49:46
TEMP772385,liptint,하트퍼센트,일반립펜슬16브릭로즈,171,97,93,14.8487,29.4767,15.4273,#AB615D,A_normal,2025-11-25 13:49:46
TEMP990794,liptint,하트퍼센트,일반립펜슬17토프베이지,178,152,134,19.4037,6.8037,13.0543,#B29886,A_normal,2025-11-25 13:49:46
TEMP488226,liptint,하트퍼센트,일반립펜슬18피그로즈,177,92,89,14.7483,34.1203,17.4847,#B15C59,A_normal,2025-11-25 13:49:46
TEMP702356,liptint,하트퍼센트,일반립펜슬19더스티핑크,188,117,121,17.063,28.385,9.6192,#BC7579,A_normal,2025-11-25 13:49:46
TEMP864217,liptint,하트퍼센트,일반립펜슬21로지립스,234,170,181,22.7434,25.0361,3.6975,#EAAAB5,A_normal,2025-11-25 13:49:46
TEMP624066,liptint,하트퍼센트,일반립펜슬22살몬피치,230,159,139,21.5652,23.9886,21.1002,#E69F8B,A_normal,2025-11-25 13:49:46
TEMP367395,liptint,하트퍼센트,일반립펜슬단품02크리미핑크,211,131,144,19.0271,32.3979,6.1253,#D38390,A_normal,2025-11-25 13:49:46
TEMP813119,liptint,하트퍼센트,일반립펜슬단품20살몬베이지,200,143,120,19.3168,18.6862,20.8213,#C88F78,A_normal,2025-11-25 13:49:46
TEMP122211,liptint,힌스,01데자뷰,137,47,52,9.9412,38.7116,17.7632,#892F34,A_normal,2025-11-25 13:49:46
TEMP462398,liptint,힌스,02뉴실루엣,187,106,89,16.079,30.524,23.6505,#BB6A59,A_normal,2025-11-25 13:49:46
TEMP610847,liptint,힌스,03페이드아웃,168,92,94,14.398,31.1473,12.6948,#A85C5E,A_normal,2025-11-25 13:49:46
TEMP615962,liptint,힌스,04모멘터리,197,114,101,17.0779,31.2871,21.4164,#C57265,A_normal,2025-11-25 13:49:46
TEMP500070,liptint,힌스,05언리파인드,120,42,54,8.7602,35.0757,10.6555,#782A36,A_normal,2025-11-25 13:49:46
TEMP244175,liptint,힌스,베어에센셜,179,99,93,15.3109,31.5343,17.7074,#B3635D,A_normal,2025-11-25 13:49:46
TEMP577065,liptint,힌스,시그니처미,167,56,55,12.0353,45.4667,25.8645,#A73837,A_normal,2025-11-25 13:49:46
TEMP220943,liptint,힌스,어드레스,130,71,50,11.0699,23.0656,23.558,#824732,A_normal,2025-11-25 13:49:46
TEMP371257,liptint,힌스,얼루어,204,121,144,18.1089,35.1861,1.5943,#CC7990,A_normal,2025-11-25 13:49:46
TEMP979792,liptint,힌스,인디케이트,161,88,92,13.8253,30.3855,11.0943,#A1585C,A_normal,2025-11-25 13:49:46
TEMP964741,liptint,3CE,OY단독더스키핑크쿨베스트,204,104,117,16.834,40.8174,11.1753,#CC6875,A_normal,2025-11-25 13:49:46
TEMP283948,liptint,3CE,OY단독미드나잇콜가을웜추천,149,66,56,11.6557,34.1146,23.0094,#954238,A_normal,2025-11-25 13:49:46
TEMP541380,liptint,3CE,OY단독사일런트쿨베스트,164,24,70,10.7897,56.2982,10.8484,#A41846,A_normal,2025-11-25 13:49:46
TEMP498122,liptint,3CE,OY단독소프트스포큰웜추천,192,102,103,16.1094,35.9499,15.76,#C06667,A_normal,2025-11-25 13:49:46
TEMP499549,liptint,3CE,나이트토크쿨추천,186,97,102,15.5343,36.2154,13.571,#BA6166,A_normal,2025-11-25 13:49:46
TEMP395649,liptint,3CE,다키스트아워가을웜추천,139,54,60,10.474,36.7215,15.0679,#8B363C,A_normal,2025-11-25 13:49:46
TEMP152671,liptint,3CE,다포딜웜베스트,166,49,59,11.6808,48.2777,21.881,#A6313B,A_normal,2025-11-25 13:49:46
TEMP230196,liptint,3CE,더블윈드쿨추천,169,52,61,11.9898,48.1896,22.0688,#A9343D,A_normal,2025-11-25 13:49:46
TEMP408610,liptint,3CE,디어마치뉴트럴추천,191,105,97,16.2225,33.3815,19.754,#BF6961,A_normal,2025-11-25 13:49:46
TEMP710274,liptint,3CE,레이다운웜베스트,189,88,73,14.951,39.4611,28.1083,#BD5849,A_normal,2025-11-25 13:49:46
TEMP868693,liptint,3CE,모어피치웜추천,227,122,77,18.699,37.0043,42.3097,#E37A4D,A_normal,2025-11-25 13:49:46
TEMP118494,liptint,3CE,베스트에버여름쿨추천,217,1,60,13.7331,72.0404,31.9632,#D9013C,A_normal,2025-11-25 13:49:46
TEMP726747,liptint,3CE,베이크베이지웜추천,193,92,68,15.3498,38.6262,32.7423,#C15C44,A_normal,2025-11-25 13:49:46
TEMP110307,liptint,3CE,세피아웜추천,181,55,53,12.7455,50.5018,30.5211,#B53735,A_normal,2025-11-25 13:49:46
TEMP226413,liptint,3CE,셀프메이드뉴트럴추천,161,92,89,14.0744,27.834,14.0519,#A15C59,A_normal,2025-11-25 13:49:46
TEMP752392,liptint,3CE,스파이스드라떼가을웜추천,162,79,80,13.2071,34.375,15.5583,#A24F50,A_normal,2025-11-25 13:49:46
TEMP522463,liptint,3CE,스팟플레이어쿨추천,222,42,61,14.6753,67.2837,35.3054,#DE2A3D,A_normal,2025-11-25 13:49:46
TEMP092970,liptint,3CE,스피크업뉴트럴추천,160,42,62,11.0675,49.2192,17.1131,#A02A3E,A_normal,2025-11-25 13:49:46
TEMP748846,liptint,3CE,얼리아워쿨추천,184,78,72,14.1355,42.4821,25.0836,#B84E48,A_normal,2025-11-25 13:49:46
TEMP566165,liptint,3CE,웜스웜추천,215,123,104,18.3965,33.7894,25.9813,#D77B68,A_normal,2025-11-25 13:49:46
TEMP061048,liptint,3CE,인더나우쿨추천,211,102,96,16.8862,42.4069,23.7892,#D36660,A_normal,2025-11-25 13:49:46
TEMP964956,liptint,3CE,차일드라이크봄웜추천,225,55,29,15.1477,63.546,53.7122,#E1371D,A_normal,2025-11-25 13:49:46
TEMP667284,liptint,3CE,체이싱로즈웜추천,210,96,91,16.468,44.6077,24.8165,#D2605B,A_normal,2025-11-25 13:49:46
TEMP195765,liptint,3CE,캐시미어누드쿨베스트,192,99,119,16.0363,39.2765,5.9921,#C06377,A_normal,2025-11-25 13:49:46
TEMP803019,liptint,3CE,캐주얼어페어웜추천,192,63,68,13.7648,51.7386,26.1776,#C03F44,A_normal,2025-11-25 13:49:46
TEMP263551,liptint,3CE,코랄문봄웜추천,216,85,74,16.0783,50.7578,33.1362,#D8554A,A_normal,2025-11-25 13:49:46
TEMP217078,liptint,3CE,탱이피버틴티드썸머에디션,246,100,64,18.2565,54.0262,48.1437,#F66440,A_normal,2025-11-25 13:49:46
TEMP590860,liptint,3CE,토프가을웜추천,139,68,62,11.3379,29.5565,17.6434,#8B443E,A_normal,2025-11-25 13:49:46
TEMP856813,liptint,3CE,퍼스트레터뉴트럴추천,210,88,73,15.9392,47.2049,32.9163,#D25849,A_normal,2025-11-25 13:49:46
TEMP090560,liptint,3CE,플레이오프뉴트럴추천,217,28,29,13.9639,67.9984,49.8974,#D91C1D,A_normal,2025-11-25 13:49:46
TEMP094035,liptint,3CE,피그타치오봄웜추천,203,111,108,17.1667,35.8838,17.9238,#CB6F6C,A_normal,2025-11-25 13:49:46
TEMP277665,liptint,3CE,핑크구아바쿨베스트,212,65,72,14.9393,57.6303,29.4657,#D44148,A_normal,2025-11-25 13:49:46
TEMP900385,liptint,3CE,히티드봄웜추천,179,87,93,14.5506,37.8964,14.2443,#B3575D,A_normal,2025-11-25 13:49:46
TEMP254538,liptint,네이밍,NEW베어BEAR,181,99,104,15.4658,33.4739,11.9631,#B56368,A_normal,2025-11-25 13:49:46
TEMP142241,liptint,네이밍,NEW솔SOL,148,64,61,11.5134,35.1488,19.2989,#94403D,A_normal,2025-11-25 13:49:46
TEMP935549,liptint,네이밍,NEW테디TEDDY,184,104,109,15.9495,32.491,11.3276,#B8686D,A_normal,2025-11-25 13:49:46
TEMP895634,liptint,네이밍,NEW테이스티TASTY,177,69,78,13.3368,44.7084,17.7675,#B1454E,A_normal,2025-11-25 13:49:46
TEMP073569,liptint,네이밍,누디NUDI,227,188,156,23.6605,9.4095,21.4454,#E3BC9C,A_normal,2025-11-25 13:49:46
TEMP322239,liptint,네이밍,던더DONDER,220,127,154,19.1827,39.0741,1.3262,#DC7F9A,A_normal,2025-11-25 13:49:46
TEMP602762,liptint,네이밍,데니아DENIA,227,170,159,22.369,19.3959,13.8396,#E3AA9F,A_normal,2025-11-25 13:49:46
TEMP640228,liptint,네이밍,드모르DMORE,169,85,88,13.9491,34.6686,14.2596,#A95558,A_normal,2025-11-25 13:49:46
TEMP905170,liptint,네이밍,록스ROX,125,42,47,8.99,36.3203,16.4366,#7D2A2F,A_normal,2025-11-25 13:49:46
TEMP754106,liptint,네이밍,번트BURNT,132,70,61,11.1477,25.4669,17.2305,#84463D,A_normal,2025-11-25 13:49:46
TEMP071272,liptint,네이밍,베이BEI,211,164,161,21.4614,16.8659,8.2266,#D3A4A1,A_normal,2025-11-25 13:49:46
TEMP727999,liptint,네이밍,블러쉬BLUSH,216,160,166,21.3635,21.6307,5.0633,#D8A0A6,A_normal,2025-11-25 13:49:46
TEMP215150,liptint,네이밍,세피아SEPIA,123,77,79,11.3979,19.7235,6.9585,#7B4D4F,A_normal,2025-11-25 13:49:46
TEMP052302,liptint,네이밍,슬레이트SLATE,128,29,66,8.7189,44.3391,2.7003,#801D42,A_normal,2025-11-25 13:49:46
TEMP837090,liptint,네이밍,시엔나SIENNA,196,134,136,18.6418,24.0647,8.6033,#C48688,A_normal,2025-11-25 13:49:46
TEMP382896,liptint,네이밍,에트나ETNA,198,61,72,14.0192,54.723,25.0723,#C63D48,A_normal,2025-11-25 13:49:46
TEMP345358,liptint,네이밍,오브디OVEDI,188,89,92,15.0689,40.1175,17.4219,#BC595C,A_normal,2025-11-25 13:49:46
TEMP694160,liptint,네이밍,오일러OILER,126,43,40,9.0602,35.731,21.2798,#7E2B28,A_normal,2025-11-25 13:49:46
TEMP494160,liptint,네이밍,오피아OPIA,202,50,81,13.8676,60.4124,19.0775,#CA3251,A_normal,2025-11-25 13:49:46
TEMP951540,liptint,네이밍,워니WANNY,230,124,108,19.0833,39.3434,27.1257,#E67C6C,A_normal,2025-11-25 13:49:46
TEMP995309,liptint,네이밍,이테일EYTAIL,193,103,124,16.3647,38.1535,4.6337,#C1677C,A_normal,2025-11-25 13:49:46
TEMP539080,liptint,네이밍,인센디오INCENDIO,204,97,113,16.3918,43.9296,11.4529,#CC6171,A_normal,2025-11-25 13:49:46
TEMP907727,liptint,네이밍,카프CAPH,197,68,72,14.2779,51.5673,26.1339,#C54448,A_normal,2025-11-25 13:49:46
TEMP616032,liptint,네이밍,튜린TURIN,160,38,76,11.0139,51.6904,7.899,#A0264C,A_normal,2025-11-25 13:49:46
TEMP421003,liptint,네이밍,페러데이FERADAY,193,96,87,15.684,37.9745,23.2362,#C16057,A_normal,2025-11-25 13:49:46
TEMP415807,liptint,네이밍,페르소나PERSONA,201,64,81,14.3571,55.0873,21.209,#C94051,A_normal,2025-11-25 13:49:46
TEMP299211,liptint,네이밍,프리실라PRICILLA,193,48,78,13.272,58.2363,17.9756,#C1304E,A_normal,2025-11-25 13:49:46
TEMP484765,liptint,네이밍,핀PIN,156,34,43,10.4338,49.6321,26.2909,#9C222B,A_normal,2025-11-25 13:49:46
TEMP933236,liptint,네이밍,하운드HOUND,132,66,81,11.0214,29.9628,4.0842,#844251,A_normal,2025-11-25 13:49:46
TEMP941282,liptint,네이밍,헤이HEI,222,103,108,17.501,46.9006,19.8874,#DE676C,A_normal,2025-11-25 13:49:46
TEMP216739,liptint,네이밍,히어리HEARLY,181,97,116,15.4271,35.9578,4.655,#B56174,A_normal,2025-11-25 13:49:46
TEMP186615,liptint,라카,NEW131크림차,211,120,100,18.0222,33.4659,26.4919,#D37864,A_normal,2025-11-25 13:49:46
TEMP528829,liptint,라카,NEW133썸머,188,105,129,16.3289,35.9217,1.4353,#BC6981,A_normal,2025-11-25 13:49:46
TEMP143866,liptint,라카,NEW135히피,210,89,114,16.2288,49.9572,10.2295,#D25972,A_normal,2025-11-25 13:49:46
TEMP718502,liptint,라카,NEW136우롱,195,116,115,17.2196,30.9055,13.9554,#C37473,A_normal,2025-11-25 13:49:46
TEMP920855,liptint,라카,NEW137브리즈,184,99,126,15.7602,37.27,0.3791,#B8637E,A_normal,2025-11-25 13:49:46
TEMP831690,liptint,라카,NEW138파르페,191,92,74,15.2859,38.2613,28.9983,#BF5C4A,A_normal,2025-11-25 13:49:46
TEMP109506,liptint,라카,NEW140스쿱,151,76,64,12.4219,30.1998,21.4924,#974C40,A_normal,2025-11-25 13:49:46
TEMP544714,liptint,라카,NEW141콩포트,147,89,88,13.293,23.7695,10.7559,#935958,A_normal,2025-11-25 13:49:46
TEMP733137,liptint,라카,NEW142토피,148,93,83,13.5872,21.2855,15.148,#945D53,A_normal,2025-11-25 13:49:46
TEMP919134,liptint,라카,NEW143브륄레,150,86,86,13.1891,26.4493,11.5497,#965656,A_normal,2025-11-25 13:49:46
TEMP002969,liptint,라카,NEW144피스타치오,134,90,74,12.7728,16.0525,16.58,#865A4A,A_normal,2025-11-25 13:49:46
TEMP028955,liptint,라카,NEW145구아바,165,82,89,13.59,34.8404,11.9082,#A55259,A_normal,2025-11-25 13:49:46
TEMP204915,liptint,라카,NEW147커런트,163,67,97,12.6766,42.6306,2.6295,#A34361,A_normal,2025-11-25 13:49:46
TEMP494660,liptint,라카,NEW149빈즈,133,59,62,10.4791,32.0495,13.6461,#853B3E,A_normal,2025-11-25 13:49:46
TEMP562657,liptint,라카,NEW150페퍼,156,60,56,11.6629,39.7787,23.2863,#9C3C38,A_normal,2025-11-25 13:49:46
TEMP087415,liptint,라카,NEW웜톤추천132롤리,215,113,113,17.8175,39.8298,18.2755,#D77171,A_normal,2025-11-25 13:49:46
TEMP727698,liptint,라카,NEW웜톤추천146카야딜,149,76,85,12.4672,31.5029,8.7776,#954C55,A_normal,2025-11-25 13:49:46
TEMP421547,liptint,라카,NEW쿨톤추천134피치스,206,102,125,16.8589,43.4254,6.6491,#CE667D,A_normal,2025-11-25 13:49:46
TEMP766678,liptint,라카,NEW쿨톤추천139치팅,207,92,121,16.3043,48.242,6.3802,#CF5C79,A_normal,2025-11-25 13:49:46
TEMP357994,liptint,라카,NEW쿨톤추천148아사이,134,61,79,10.7789,33.1992,4.2356,#863D4F,A_normal,2025-11-25 13:49:46
TEMP340810,liptint,라카,웜톤베스트101조이풀,221,83,93,16.32,54.5604,23.3275,#DD535D,A_normal,2025-11-25 13:49:46
TEMP915420,liptint,라카,웜톤베스트120카페인로즈,95,11,15,5.6497,36.2765,22.2416,#5F0B0F,A_normal,2025-11-25 13:49:46
TEMP680229,liptint,라카,쿨톤베스트115엔비,113,11,33,6.9619,42.6163,16.6078,#710B21,A_normal,2025-11-25 13:49:46
TEMP830689,liptint,라카,쿨톤베스트116캔디드,179,7,32,11.2678,61.1316,37.3037,#B30720,A_normal,2025-11-25 13:49:46
TEMP159436,liptint,라카,쿨톤베스트123언스윗베리,70,25,41,4.8883,23.4827,0.0644,#461929,A_normal,2025-11-25 13:49:46
TEMP790629,liptint,라카,102듀이,161,69,93,12.6581,40.5041,4.9808,#A1455D,A_normal,2025-11-25 13:49:46
TEMP857071,liptint,라카,103허밍,199,89,97,15.603,44.5601,17.1524,#C75961,A_normal,2025-11-25 13:49:46
TEMP938254,liptint,라카,104체리,160,22,31,10.2872,53.6299,33.2671,#A0161F,A_normal,2025-11-25 13:49:46
TEMP979318,liptint,라카,105콜드,225,71,128,16.2326,63.5571,2.2537,#E14780,A_normal,2025-11-25 13:49:46
TEMP542280,liptint,라카,106쥬이시,209,53,100,14.4877,62.8188,10.4677,#D13564,A_normal,2025-11-25 13:49:46
TEMP997566,liptint,라카,107슈가,191,92,73,15.2813,38.191,29.5523,#BF5C49,A_normal,2025-11-25 13:49:46
TEMP570962,liptint,라카,108솔티,156,66,55,11.9956,36.7561,25.2792,#9C4237,A_normal,2025-11-25 13:49:46
TEMP318146,liptint,라카,109프레쉬,225,78,95,16.2991,58.0925,22.1804,#E14E5F,A_normal,2025-11-25 13:49:46
TEMP626705,liptint,라카,110소다,230,93,159,17.7364,59.4628,-8.4939,#E65D9F,A_normal,2025-11-25 13:49:46
TEMP823545,liptint,라카,111멜로우,196,87,108,15.4276,45.5214,9.7243,#C4576C,A_normal,2025-11-25 13:49:46
TEMP987159,liptint,라카,112핑퐁,231,87,141,17.3348,60.293,0.0422,#E7578D,A_normal,2025-11-25 13:49:46
TEMP515436,liptint,라카,113플레저,200,76,110,15.0567,52.1587,6.86,#C84C6E,A_normal,2025-11-25 13:49:46
TEMP491997,liptint,라카,114하모니,183,63,54,13.2232,47.9204,31.8979,#B73F36,A_normal,2025-11-25 13:49:46
TEMP935718,liptint,라카,117제타,161,60,49,11.8907,41.1828,28.6376,#A13C31,A_normal,2025-11-25 13:49:46
TEMP445661,liptint,라카,118어도어,220,63,108,15.5028,63.2361,10.6488,#DC3F6C,A_normal,2025-11-25 13:49:46
TEMP448830,liptint,라카,119드리밍,254,89,130,18.453,65.3945,12.2927,#FE5982,A_normal,2025-11-25 13:49:46
TEMP518650,liptint,라카,121애쉬넛,110,63,59,9.6684,19.9987,11.2949,#6E3F3B,A_normal,2025-11-25 13:49:46
TEMP261839,liptint,라카,122로지로즈,178,76,89,13.8361,42.6812,13.3533,#B24C59,A_normal,2025-11-25 13:49:46
TEMP345667,liptint,라카,124마로,191,106,117,16.4197,34.9911,8.9707,#BF6A75,A_normal,2025-11-25 13:49:46
TEMP226927,liptint,라카,125망고,216,109,95,17.5149,40.6619,27.243,#D86D5F,A_normal,2025-11-25 13:49:46
TEMP710906,liptint,라카,126루시,237,124,125,19.4661,43.4473,19.4467,#ED7C7D,A_normal,2025-11-25 13:49:46
TEMP868835,liptint,라카,127로제,171,48,73,12.0022,51.2279,14.6874,#AB3049,A_normal,2025-11-25 13:49:46
TEMP859781,liptint,라카,128라이크,159,51,70,11.4506,45.9365,13.7165,#9F3346,A_normal,2025-11-25 13:49:46
TEMP887684,liptint,라카,129마로니,154,77,79,12.7125,32.2483,13.7229,#9A4D4F,A_normal,2025-11-25 13:49:46
TEMP891470,liptint,라카,130포그베리,133,40,74,9.542,42.4371,1.4991,#85284A,A_normal,2025-11-25 13:49:46
TEMP700970,liptint,롬앤,01포멜로코,192,95,82,15.5522,37.7027,25.5417,#C05F52,A_normal,2025-11-25 13:49:46
TEMP944651,liptint,롬앤,02로지엔탈,164,71,71,12.7637,38.464,19.1165,#A44747,A_normal,2025-11-25 13:49:46
TEMP176041,liptint,롬앤,03머스키,131,53,47,9.9265,33.1564,20.6566,#83352F,A_normal,2025-11-25 13:49:46
TEMP680207,liptint,롬앤,04라드우드,119,65,60,10.2134,22.7792,13.3495,#77413C,A_normal,2025-11-25 13:49:46
TEMP922142,liptint,롬앤,04피그피그,162,46,63,11.3509,48.4172,17.7969,#A22E3F,A_normal,2025-11-25 13:49:46
TEMP310559,liptint,롬앤,05비비캔디,210,71,107,15.3017,57.1512,10.0576,#D2476B,A_normal,2025-11-25 13:49:46
TEMP395597,liptint,롬앤,05쥬쥬브,206,73,71,14.9738,52.4077,29.9637,#CE4947,A_normal,2025-11-25 13:49:46
TEMP598762,liptint,롬앤,06모비쉬,170,91,101,14.4666,33.2548,8.8534,#AA5B65,A_normal,2025-11-25 13:49:46
TEMP220509,liptint,롬앤,07체리밤,192,17,39,12.2484,63.4702,37.4804,#C01127,A_normal,2025-11-25 13:49:46
TEMP269097,liptint,롬앤,08커런트잼,142,59,67,10.9585,35.9558,12.8938,#8E3B43,A_normal,2025-11-25 13:49:46
TEMP984564,liptint,롬앤,08핑크펌킨,225,69,63,15.7619,59.7858,38.4796,#E1453F,A_normal,2025-11-25 13:49:46
TEMP836765,liptint,롬앤,09멀드피치,207,95,77,16.2047,42.9965,31.632,#CF5F4D,A_normal,2025-11-25 13:49:46
TEMP469626,liptint,롬앤,09코랄쥬빌레,241,78,84,17.0626,62.4529,32.406,#F14E54,A_normal,2025-11-25 13:49:46
TEMP082600,liptint,롬앤,10베어애프리콧,254,98,96,18.6651,59.242,32.7546,#FE6260,A_normal,2025-11-25 13:49:46
TEMP740331,liptint,롬앤,10퍼지레드,226,61,71,15.5397,63.3021,33.0789,#E23D47,A_normal,2025-11-25 13:49:46
TEMP645916,liptint,롬앤,11파파야잼,238,97,77,17.7664,53.1859,39.0678,#EE614D,A_normal,2025-11-25 13:49:46
TEMP483014,liptint,롬앤,11푸시아바이브,235,67,89,16.3356,64.911,26.2022,#EB4359,A_normal,2025-11-25 13:49:46
TEMP544453,liptint,롬앤,12애플브라운,225,94,55,16.9142,48.9293,46.9499,#E15E37,A_normal,2025-11-25 13:49:46
TEMP442206,liptint,롬앤,12웜밍업,218,126,105,18.7144,33.4603,26.8882,#DA7E69,A_normal,2025-11-25 13:49:46
TEMP832746,liptint,롬앤,13잇도토리,146,38,17,9.9015,44.0519,38.5539,#922611,A_normal,2025-11-25 13:49:46
TEMP790437,liptint,롬앤,13쿨링업,228,118,131,18.776,43.8241,12.6576,#E47683,A_normal,2025-11-25 13:49:46
TEMP225011,liptint,롬앤,14아몬드로즈,170,69,61,12.8928,40.9392,25.9118,#AA453D,A_normal,2025-11-25 13:49:46
TEMP904511,liptint,롬앤,14언로즈,242,94,105,17.9417,57.6055,24.127,#F25E69,A_normal,2025-11-25 13:49:46
TEMP589465,liptint,롬앤,15베리피즈,244,102,130,18.5872,56.8008,12.6895,#F46682,A_normal,2025-11-25 13:49:46
TEMP184603,liptint,롬앤,15베어피그,177,67,90,13.3137,46.6728,10.297,#B1435A,A_normal,2025-11-25 13:49:46
TEMP314600,liptint,롬앤,16플럼콕,121,10,17,7.4143,44.5013,29.1874,#790A11,A_normal,2025-11-25 13:49:46
TEMP947064,liptint,롬앤,17다크코코넛,132,45,31,9.4615,36.5383,28.6626,#842D1F,A_normal,2025-11-25 13:49:46
TEMP666745,liptint,롬앤,19썸머센트,252,21,33,15.9986,78.0139,56.4499,#FC1521,A_normal,2025-11-25 13:49:46
TEMP311956,liptint,롬앤,20쥬쥬피그,191,72,86,14.2431,48.809,17.3733,#BF4856,A_normal,2025-11-25 13:49:46
TEMP868704,liptint,롬앤,21그레이프밤,194,33,88,12.948,63.4493,10.2929,#C22158,A_normal,2025-11-25 13:49:46
TEMP133788,liptint,롬앤,22도토리밤,151,24,24,9.7445,50.3192,34.857,#971818,A_normal,2025-11-25 13:49:46
TEMP964790,liptint,롬앤,24베어쥬시오,250,132,72,20.2505,40.5867,51.513,#FA8448,A_normal,2025-11-25 13:49:46
TEMP985973,liptint,롬앤,26신비복숭아,252,96,100,18.493,59.6835,29.6961,#FC6064,A_normal,2025-11-25 13:49:46
TEMP961305,liptint,롬앤,27허니듀멜론,253,167,148,22.9423,29.5443,22.8994,#FDA794,A_normal,2025-11-25 13:49:46
TEMP128861,liptint,롬앤,28설화딸기,253,167,182,23.1666,33.6035,5.4508,#FDA7B6,A_normal,2025-11-25 13:49:46
TEMP237185,liptint,롬앤,30보늬밤,209,119,92,17.8372,32.5381,30.1213,#D1775C,A_normal,2025-11-25 13:49:46
TEMP590903,liptint,롬앤,31탠드코코,159,107,84,15.0391,17.9774,21.3034,#9F6B54,A_normal,2025-11-25 13:49:46
TEMP448754,liptint,롬앤,32태니구아바,185,106,102,16.0749,31.0189,16.035,#B96A66,A_normal,2025-11-25 13:49:46
TEMP336576,liptint,롬앤,33알로하쥬시,227,96,93,17.2654,50.7939,27.6266,#E3605D,A_normal,2025-11-25 13:49:46
TEMP539036,liptint,롬앤,올리브영단독01포멜로스킨,214,119,92,18.0385,34.5007,31.1138,#D6775C,A_normal,2025-11-25 13:49:46
TEMP083879,liptint,롬앤,올리브영단독02누카다미아,183,86,72,14.5509,38.1213,26.8127,#B75648,A_normal,2025-11-25 13:49:46
TEMP990985,liptint,롬앤,올리브영단독단품29조선무화과,246,139,133,20.7887,39.904,21.1835,#F68B85,A_normal,2025-11-25 13:49:46
TEMP175326,liptint,롬앤,올리브영단독단품03베어그레이프,196,99,108,16.1267,39.5164,12.9892,#C4636C,A_normal,2025-11-25 13:49:46
TEMP773713,liptint,롬앤,이나피17피치다운,192,108,102,16.4888,32.6593,18.0733,#C06C66,A_normal,2025-11-25 13:49:46
TEMP761635,liptint,롬앤,조앤프렌즈단품02로지엔탈,174,79,79,13.7548,38.8338,18.9389,#AE4F4F,A_normal,2025-11-25 13:49:46
TEMP144312,liptint,롬앤,조앤프렌즈단품07쿨로즈업,170,74,86,13.3204,40.5098,12.6118,#AA4A56,A_normal,2025-11-25 13:49:46
TEMP756724,liptint,롬앤,조앤프렌즈단품37구아바데이지,189,103,98,16.0166,33.7722,18.1965,#BD6762,A_normal,2025-11-25 13:49:46
TEMP698391,liptint,롬앤,조앤프렌즈단품38클라우디베리,181,180,183,22.0413,0.9115,-1.3959,#B5B4B7,A_normal,2025-11-25 13:49:46
TEMP333065,liptint,롬앤,태닝포차코31탠드코코,159,107,84,15.0391,17.9774,21.3034,#9F6B54,A_normal,2025-11-25 13:49:46
TEMP098206,liptint,롬앤,태닝포차코33알로하쥬시,227,96,93,17.2654,50.7939,27.6266,#E3605D,A_normal,2025-11-25 13:49:46
TEMP136222,liptint,릴리바이레드,01바닐라빈크림인척,240,142,135,20.7605,36.3351,19.8206,#F08E87,A_normal,2025-11-25 13:49:46
TEMP182736,liptint,릴리바이레드,02로즈커스터드인척,233,152,164,21.3569,31.8971,6.3816,#E998A4,A_normal,2025-11-25 13:49:46
TEMP783672,liptint,릴리바이레드,03딸기베이비슈인척,234,144,182,21.0148,38.9483,-5.2834,#EA90B6,A_normal,2025-11-25 13:49:46
TEMP872133,liptint,릴리바이레드,04복숭아푸딩인척,253,116,112,19.6188,51.9237,27.8411,#FD7470,A_normal,2025-11-25 13:49:46
TEMP802526,liptint,릴리바이레드,05꿀자몽크레페인척,253,135,146,20.9029,45.7467,14.6071,#FD8792,A_normal,2025-11-25 13:49:46
TEMP208822,liptint,릴리바이레드,06생체리토핑인척,244,82,138,17.7222,65.8588,3.9351,#F4528A,A_normal,2025-11-25 13:49:46
TEMP427353,liptint,릴리바이레드,07믹스베리수플레인척,218,83,140,16.5184,57.9332,-3.6046,#DA538C,A_normal,2025-11-25 13:49:46
TEMP181538,liptint,릴리바이레드,08카야버터인척,222,129,121,19.1542,34.9303,19.9587,#DE8179,A_normal,2025-11-25 13:49:46
TEMP301961,liptint,릴리바이레드,09무화과토스트인척,195,104,96,16.319,35.3606,20.8628,#C36860,A_normal,2025-11-25 13:49:46
TEMP022970,liptint,릴리바이레드,10무화과요거트인척,223,137,150,19.9065,34.3818,7.1226,#DF8996,A_normal,2025-11-25 13:49:46
TEMP815335,liptint,릴리바이레드,11체리사과파르페인척,228,62,74,15.6989,63.7112,32.0616,#E43E4A,A_normal,2025-11-25 13:49:46
TEMP661355,liptint,릴리바이레드,12쁘띠사과쉬폰케익인척,200,64,58,14.1923,53.4314,34.1233,#C8403A,A_normal,2025-11-25 13:49:46
TEMP768899,liptint,릴리바이레드,13슈가레이스인척핑크클로젯,239,164,156,22.3154,26.7486,15.4156,#EFA49C,A_normal,2025-11-25 13:49:46
TEMP988420,liptint,릴리바이레드,14로지셔링인척핑크클로젯,232,150,167,21.2119,32.9925,4.0038,#E896A7,A_normal,2025-11-25 13:49:46
TEMP891968,liptint,삐아,01피치당,230,118,129,18.8454,44.3308,14.1654,#E67681,A_normal,2025-11-25 13:49:46
TEMP296001,liptint,삐아,03포도당,181,113,140,16.684,30.5961,-3.3799,#B5718C,A_normal,2025-11-25 13:49:46
TEMP147048,liptint,삐아,04체리당,181,57,92,13.0634,52.4278,7.9858,#B5395C,A_normal,2025-11-25 13:49:46
TEMP585818,liptint,삐아,05자몽당,189,61,64,13.495,51.328,27.3331,#BD3D40,A_normal,2025-11-25 13:49:46
TEMP381659,liptint,삐아,06땅콩당,162,98,103,14.6272,26.5459,8.2591,#A26267,A_normal,2025-11-25 13:49:46
TEMP949933,liptint,삐아,07호두당,141,85,82,12.7245,22.8816,11.652,#8D5552,A_normal,2025-11-25 13:49:46
TEMP154925,liptint,삐아,08대추당,145,94,104,13.7008,22.2621,2.951,#915E68,A_normal,2025-11-25 13:49:46
TEMP250035,liptint,삐아,09살구퐁당,236,132,130,19.9448,39.5072,18.7977,#EC8482,A_normal,2025-11-25 13:49:46
TEMP005323,liptint,삐아,10딸기퐁당,227,141,164,20.4204,35.5475,1.7816,#E38DA4,A_normal,2025-11-25 13:49:46
TEMP506619,liptint,삐아,11앵두퐁당,232,123,133,19.253,42.9434,13.8247,#E87B85,A_normal,2025-11-25 13:49:46
TEMP957610,liptint,삐아,12사과당,201,68,73,14.4918,52.9556,26.5877,#C94449,A_normal,2025-11-25 13:49:46
TEMP667494,liptint,삐아,NEW컬러13라떼당,145,94,79,13.5206,18.991,17.1771,#915E4F,A_normal,2025-11-25 13:49:46
TEMP090018,liptint,삐아,NEW컬러14메이플당,153,87,70,13.2839,25.4412,21.6859,#995746,A_normal,2025-11-25 13:49:46
TEMP167831,liptint,얼터너티브스테레오,10호와인볼,139,32,50,9.372,45.3925,16.6553,#8B2032,A_normal,2025-11-25 13:49:46
TEMP373724,liptint,얼터너티브스테레오,11호돌리볼,254,139,164,21.307,46.0738,6.4793,#FE8BA4,A_normal,2025-11-25 13:49:46
TEMP370224,liptint,얼터너티브스테레오,12호라일락볼,235,128,152,19.8111,43.5923,5.7364,#EB8098,A_normal,2025-11-25 13:49:46
TEMP137779,liptint,얼터너티브스테레오,14호밀크티볼,245,146,129,21.1699,35.5457,25.0908,#F59281,A_normal,2025-11-25 13:49:46
TEMP121621,liptint,얼터너티브스테레오,15호피그볼,230,115,109,18.5461,43.9696,24.1946,#E6736D,A_normal,2025-11-25 13:49:46
TEMP125761,liptint,얼터너티브스테레오,1호누디볼,240,138,116,20.3991,36.6105,28.7038,#F08A74,A_normal,2025-11-25 13:49:46
TEMP558678,liptint,얼터너티브스테레오,1호밀크카라멜,211,168,155,21.7131,13.8427,12.7173,#D3A89B,A_normal,2025-11-25 13:49:46
TEMP056863,liptint,얼터너티브스테레오,2호로즈볼,243,148,131,21.2359,33.9427,24.2463,#F39483,A_normal,2025-11-25 13:49:46
TEMP765059,liptint,얼터너티브스테레오,2호바닐라로즈,213,151,151,20.5198,23.2732,9.3239,#D59797,A_normal,2025-11-25 13:49:46
TEMP098579,liptint,얼터너티브스테레오,3호바비볼,237,126,150,19.7555,45.0662,6.6386,#ED7E96,A_normal,2025-11-25 13:49:46
TEMP653006,liptint,얼터너티브스테레오,3호솔티드핑크,192,128,136,18.0811,25.8427,5.8705,#C08088,A_normal,2025-11-25 13:49:46
TEMP554437,liptint,얼터너티브스테레오,4호토피로즈,178,112,112,16.2795,26.1401,10.999,#B27070,A_normal,2025-11-25 13:49:46
TEMP356981,liptint,얼터너티브스테레오,4호피치볼,254,139,121,21.0364,41.7762,29.0946,#FE8B79,A_normal,2025-11-25 13:49:46
TEMP264419,liptint,얼터너티브스테레오,5호모브볼,180,78,91,14.0569,42.6049,13.2042,#B44E5B,A_normal,2025-11-25 13:49:46
TEMP309600,liptint,얼터너티브스테레오,5호카카오50,98,63,54,9.1335,14.0809,11.7904,#623F36,A_normal,2025-11-25 13:49:46
TEMP406056,liptint,얼터너티브스테레오,9호코코볼,163,87,75,13.7365,29.9893,20.9546,#A3574B,A_normal,2025-11-25 13:49:46
TEMP878986,liptint,얼터너티브스테레오,NEW16호딸기무스볼,238,110,117,18.6552,49.9346,20.3297,#EE6E75,A_normal,2025-11-25 13:49:46
TEMP805705,liptint,얼터너티브스테레오,NEW17호로즈쿠키볼,203,69,74,14.647,53.2632,26.722,#CB454A,A_normal,2025-11-25 13:49:46
TEMP522882,liptint,얼터너티브스테레오,NEW19호베리스무디볼,193,37,70,12.8769,61.0016,21.1999,#C12546,A_normal,2025-11-25 13:49:46
TEMP564280,liptint,얼터너티브스테레오,NEW올영단독18호워터멜론볼,254,103,113,18.9953,58.2326,24.5548,#FE6771,A_normal,2025-11-25 13:49:46
TEMP607390,liptint,에스쁘아,10호플럼퓨레,96,6,22,5.6087,38.2255,17.7939,#600616,A_normal,2025-11-25 13:49:46
TEMP803543,liptint,에스쁘아,1호하이피레드,183,18,57,11.7717,61.6829,24.2193,#B71239,A_normal,2025-11-25 13:49:46
TEMP946971,liptint,에스쁘아,2호누가필링,235,125,113,19.3754,41.1276,25.741,#EB7D71,A_normal,2025-11-25 13:49:46
TEMP083731,liptint,에스쁘아,3호사워피치,209,91,93,16.1543,46.8168,22.2464,#D15B5D,A_normal,2025-11-25 13:49:46
TEMP253868,liptint,에스쁘아,4호프림누드,185,97,88,15.4046,34.4678,21.2089,#B96158,A_normal,2025-11-25 13:49:46
TEMP092781,liptint,에스쁘아,5호문릿,184,70,68,13.6866,45.9784,25.5577,#B84644,A_normal,2025-11-25 13:49:46
TEMP868589,liptint,에스쁘아,6호세레나데,190,76,85,14.3926,46.5618,18.6194,#BE4C55,A_normal,2025-11-25 13:49:46
TEMP750196,liptint,에스쁘아,7호베리타르트,220,67,100,15.6034,61.1743,15.9275,#DC4364,A_normal,2025-11-25 13:49:46
TEMP029738,liptint,에스쁘아,8호보바피그,184,98,103,15.5197,35.0381,12.8686,#B86267,A_normal,2025-11-25 13:49:46
TEMP428125,liptint,에스쁘아,9호타로모브,179,72,92,13.6877,45.2303,10.8609,#B3485C,A_normal,2025-11-25 13:49:46
TEMP053646,liptint,에스쁘아,NEW12호허니코트,191,108,116,16.5418,33.8051,10.1319,#BF6C74,A_normal,2025-11-25 13:49:46
TEMP427794,liptint,에스쁘아,NEW13호로즈크레마,153,30,51,10.1585,50.3891,19.9494,#991E33,A_normal,2025-11-25 13:49:46
TEMP390395,liptint,에스쁘아,NEW단품10호언더모브,170,61,60,12.4655,44.6123,24.7299,#AA3D3C,A_normal,2025-11-25 13:49:46
TEMP270163,liptint,에스쁘아,NEW단품11호버터벨,126,41,40,8.9557,36.6679,20.8495,#7E2928,A_normal,2025-11-25 13:49:46
TEMP639794,liptint,에스쁘아,NEW단품12호체리소르베,169,1,38,10.5604,59.4895,30.5935,#A90126,A_normal,2025-11-25 13:49:46
TEMP325503,liptint,에스쁘아,NEW단품13호볼드베리,219,1,72,13.9153,73.0298,25.4625,#DB0148,A_normal,2025-11-25 13:49:46
TEMP094703,liptint,에스쁘아,NEW단품14호핑크팝,253,123,159,20.3078,52.9903,4.4757,#FD7B9F,A_normal,2025-11-25 13:49:46
TEMP526445,liptint,에스쁘아,NEW단품15호세레나데,215,83,104,16.092,53.4324,15.6421,#D75368,A_normal,2025-11-25 13:49:46
TEMP970040,liptint,에스쁘아,NEW단품16호마멀레이드,251,125,103,19.9929,46.2446,34.3776,#FB7D67,A_normal,2025-11-25 13:49:46
TEMP588845,liptint,에스쁘아,NEW단품17호진저피치,229,109,115,18.1914,47.0824,19.1534,#E56D73,A_normal,2025-11-25 13:49:46
TEMP140163,liptint,에스쁘아,NEW단품18호통카,150,80,64,12.6431,27.5852,22.4143,#965040,A_normal,2025-11-25 13:49:46
TEMP258951,liptint,에스쁘아,NEW단품19호베리소다,208,83,113,15.8164,51.9418,8.8376,#D05371,A_normal,2025-11-25 13:49:46
TEMP760810,liptint,에스쁘아,NEW단품1호애플소르베,239,26,45,15.3057,74.3698,47.5186,#EF1A2D,A_normal,2025-11-25 13:49:46
TEMP538201,liptint,에스쁘아,NEW단품20호플럼콩포트,106,19,42,6.7941,38.8818,9.3637,#6A132A,A_normal,2025-11-25 13:49:46
TEMP238042,liptint,에스쁘아,NEW단품22호밀키허니,153,72,75,12.3251,34.137,14.3951,#99484B,A_normal,2025-11-25 13:49:46
TEMP070380,liptint,에스쁘아,NEW단품23호아포가토,137,47,47,9.9136,38.3612,20.8268,#892F2F,A_normal,2025-11-25 13:49:46
TEMP664279,liptint,에스쁘아,NEW단품2호오드코랄,253,74,70,17.4761,66.9264,42.4292,#FD4A46,A_normal,2025-11-25 13:49:46
TEMP691105,liptint,에스쁘아,NEW단품3호칠링칠링,218,79,92,15.9746,55.2076,22.3024,#DA4F5C,A_normal,2025-11-25 13:49:46
TEMP029288,liptint,에스쁘아,NEW단품4호허쉬드체리,134,6,33,8.2801,49.458,23.0461,#860621,A_normal,2025-11-25 13:49:46
TEMP256299,liptint,에스쁘아,NEW단품5호로사,215,45,58,14.3386,64.4265,35.4068,#D72D3A,A_normal,2025-11-25 13:49:46
TEMP402718,liptint,에스쁘아,NEW단품6호브륄레,153,0,0,9.3864,54.6993,45.1358,#990000,A_normal,2025-11-25 13:49:46
TEMP787550,liptint,에스쁘아,NEW단품7호스모크드,122,17,14,7.6432,43.1062,31.6203,#7A110E,A_normal,2025-11-25 13:49:46
TEMP272528,liptint,에스쁘아,NEW단품8호페탈펀치,200,59,64,14.0058,55.6666,29.8751,#C83B40,A_normal,2025-11-25 13:49:46
TEMP680809,liptint,에스쁘아,NEW단품9호핑키로우키,249,113,104,19.2374,51.349,30.5488,#F97168,A_normal,2025-11-25 13:49:46
TEMP839775,liptint,오아드,000뉴테,157,49,44,11.106,44.3955,28.3643,#9D312C,A_normal,2025-11-25 13:49:46
TEMP697135,liptint,오아드,001러퍼,173,5,29,10.8439,59.7432,37.1945,#AD051D,A_normal,2025-11-25 13:49:46
TEMP779999,liptint,오아드,002오드핀,244,85,82,17.509,60.5599,35.491,#F45552,A_normal,2025-11-25 13:49:46
TEMP491228,liptint,오아드,003블런토,221,49,32,14.731,64.2267,50.9376,#DD3120,A_normal,2025-11-25 13:49:46
TEMP801617,liptint,오아드,004로지트,241,57,83,16.2897,69.4954,29.7594,#F13953,A_normal,2025-11-25 13:49:46
TEMP011221,liptint,오아드,005위얼브,115,19,10,7.2326,40.2226,31.5898,#73130A,A_normal,2025-11-25 13:49:46
TEMP458576,liptint,오아드,006윈토,117,21,48,7.608,42.1043,9.322,#751530,A_normal,2025-11-25 13:49:46
TEMP302602,liptint,오아드,007코랄린,254,104,81,18.8962,55.8004,41.9629,#FE6851,A_normal,2025-11-25 13:49:46
TEMP211539,liptint,오아드,008브로위,82,28,19,5.6037,24.626,19.0409,#521C13,A_normal,2025-11-25 13:49:46
TEMP734349,liptint,캔메이크,01버터스카치,206,101,91,16.5797,40.6487,25.1903,#CE655B,A_normal,2025-11-25 13:49:46
TEMP844732,liptint,캔메이크,02모모,211,86,97,16.0061,50.1674,19.2892,#D35661,A_normal,2025-11-25 13:49:46
TEMP632012,liptint,캔메이크,03와인베리,206,74,101,15.193,54.1321,13.0629,#CE4A65,A_normal,2025-11-25 13:49:46
TEMP516241,liptint,캔메이크,05피그퓨레,213,84,85,15.9329,50.8639,26.0766,#D55455,A_normal,2025-11-25 13:49:46
TEMP040220,liptint,캔메이크,06라즈베리케익,241,99,142,18.3877,58.33,4.7439,#F1638E,A_normal,2025-11-25 13:49:46
TEMP753289,liptint,캔메이크,07후르츠오레,224,99,103,17.341,49.1002,22.1121,#E06367,A_normal,2025-11-25 13:49:46
TEMP215367,liptint,컬러그램,01살구살몬,194,119,102,17.3038,27.4936,21.786,#C27766,A_normal,2025-11-25 13:49:46
TEMP386923,liptint,컬러그램,02플러핑크,188,121,121,17.3394,26.1847,10.9193,#BC7979,A_normal,2025-11-25 13:49:46
TEMP341854,liptint,컬러그램,03피그블리,175,92,87,14.6499,33.1518,18.1808,#AF5C57,A_normal,2025-11-25 13:49:46
TEMP603879,liptint,컬러그램,04코랄릿,187,72,74,13.9723,46.5266,23.2899,#BB484A,A_normal,2025-11-25 13:49:46
TEMP415168,liptint,컬러그램,05레드티지,149,63,65,11.5274,36.3732,16.9065,#953F41,A_normal,2025-11-25 13:49:46
TEMP758446,liptint,컬러그램,06베리비키,176,80,90,13.9767,40.0715,13.344,#B0505A,A_normal,2025-11-25 13:49:46
TEMP040616,liptint,컬러그램,07긱로즈,150,86,93,13.2403,27.3024,7.5244,#96565D,A_normal,2025-11-25 13:49:46
TEMP589629,liptint,컬러그램,08힙초콜릿,133,78,67,11.7938,21.8856,16.4272,#854E43,A_normal,2025-11-25 13:49:46
TEMP983342,liptint,컬러그램,09바미레드,122,38,46,8.6102,37.0058,15.3282,#7A262E,A_normal,2025-11-25 13:49:46
TEMP968881,liptint,컬러그램,10데드로즈,116,47,57,8.8558,31.3382,9.0053,#742F39,A_normal,2025-11-25 13:49:46
TEMP556857,liptint,컬러그램,11딥초콜릿,137,65,64,11.0625,30.5823,15.1176,#894140,A_normal,2025-11-25 13:49:46
TEMP432160,liptint,컬러그램,12플럼디헬,91,33,42,6.5612,27.5034,7.8225,#5B212A,A_normal,2025-11-25 13:49:46
TEMP148066,liptint,컬러그램,13번트마롱,109,43,43,8.151,29.3985,14.8468,#6D2B2B,A_normal,2025-11-25 13:49:46
TEMP222544,liptint,컬러그램,14딸기멜로,214,142,144,19.8775,27.6004,10.2163,#D68E90,A_normal,2025-11-25 13:49:46
TEMP088153,liptint,컬러그램,15살구라이트,226,125,113,19.0109,37.76,23.906,#E27D71,A_normal,2025-11-25 13:49:46
TEMP417100,liptint,컬러그램,16로코코랄,217,106,106,17.4408,43.4576,20.6462,#D96A6A,A_normal,2025-11-25 13:49:46
TEMP640817,liptint,컬러그램,17이븐피치,209,93,106,16.3435,46.968,15.4651,#D15D6A,A_normal,2025-11-25 13:49:46
TEMP593449,liptint,컬러그램,18베리몰리,199,84,91,15.2906,46.449,19.3031,#C7545B,A_normal,2025-11-25 13:49:46
TEMP693611,liptint,클리오,01빈티지애플,206,79,82,15.3202,50.496,24.9702,#CE4F52,A_normal,2025-11-25 13:49:46
TEMP309473,liptint,클리오,04페일플럼,226,112,140,18.4065,47.0894,5.7027,#E2708C,A_normal,2025-11-25 13:49:46
TEMP497399,liptint,클리오,05프레쉬체리,216,4,65,13.7198,71.7496,28.8152,#D80441,A_normal,2025-11-25 13:49:46
TEMP473545,liptint,클리오,06데일리모브,232,98,116,17.7358,53.3907,16.5675,#E86274,A_normal,2025-11-25 13:49:46
TEMP238114,liptint,클리오,08젠틀시나몬,198,76,72,14.7192,48.4191,28.0264,#C64C48,A_normal,2025-11-25 13:49:46
TEMP984356,liptint,클리오,10베이비베리,254,73,114,17.7081,70.0128,18.1869,#FE4972,A_normal,2025-11-25 13:49:46
TEMP096756,liptint,클리오,11멜로우피그,243,123,107,19.557,44.5941,30.0856,#F37B6B,A_normal,2025-11-25 13:49:46
TEMP427099,liptint,클리오,13코숏진주코랄,253,141,103,21.0354,39.0079,38.7902,#FD8D67,A_normal,2025-11-25 13:49:46
TEMP800081,liptint,클리오,14하트핑크다이아,249,85,128,18.021,65.2865,11.3129,#F95580,A_normal,2025-11-25 13:49:46
TEMP590019,liptint,클리오,15그루밍피치오팔,216,110,84,17.523,39.3405,33.4527,#D86E54,A_normal,2025-11-25 13:49:46
TEMP546663,liptint,클리오,16럭셔리모브루비,221,71,119,15.9552,61.5501,6.2059,#DD4777,A_normal,2025-11-25 13:49:46
TEMP474851,liptint,클리오,17클래식애플,248,80,97,17.5702,64.6195,27.3081,#F85061,A_normal,2025-11-25 13:49:46
TEMP416242,liptint,클리오,18프레쉬애플,233,111,129,18.569,48.8277,12.9404,#E96F81,A_normal,2025-11-25 13:49:46
TEMP184199,liptint,클리오,19베이비애플,235,106,106,18.2386,49.8819,24.6703,#EB6A6A,A_normal,2025-11-25 13:49:46
TEMP048459,liptint,클리오,20바닐라애플,224,121,104,18.6315,38.2811,27.2357,#E07968,A_normal,2025-11-25 13:49:46
TEMP005468,liptint,클리오,25다크체리,204,10,72,13.0638,68.6702,21.1893,#CC0A48,A_normal,2025-11-25 13:49:46
TEMP266265,liptint,클리오,26모브체리,178,69,98,13.5268,46.8748,6.4015,#B24562,A_normal,2025-11-25 13:49:46
TEMP248232,liptint,클리오,28드라이체리,201,80,97,15.2137,49.5018,15.4294,#C95061,A_normal,2025-11-25 13:49:46
TEMP703557,liptint,토니모리,N01루비쇼킹,225,68,45,15.6646,59.4924,47.7634,#E1442D,A_normal,2025-11-25 13:49:46
TEMP235186,liptint,토니모리,N02토마토쇼킹,224,5,35,14.1247,72.6435,47.9805,#E00523,A_normal,2025-11-25 13:49:46
TEMP143827,liptint,토니모리,N03코랄쇼킹,228,47,45,15.108,67.1138,46.1356,#E42F2D,A_normal,2025-11-25 13:49:46
TEMP918447,liptint,토니모리,N04핑크쇼킹,223,5,74,14.2081,73.7314,25.6438,#DF054A,A_normal,2025-11-25 13:49:46
TEMP744192,liptint,토니모리,N05페탈쇼킹,218,1,40,13.7252,71.6385,43.6389,#DA0128,A_normal,2025-11-25 13:49:46
TEMP032999,liptint,토니모리,N06레드쇼킹,157,5,37,9.8185,55.8615,27.7212,#9D0525,A_normal,2025-11-25 13:49:46
TEMP179998,liptint,토니모리,N07번트로즈쇼킹,155,24,31,10.0198,51.7149,32.0117,#9B181F,A_normal,2025-11-25 13:49:46
TEMP038563,liptint,토니모리,N08로즈쇼킹,194,93,93,15.5821,40.3999,19.2941,#C25D5D,A_normal,2025-11-25 13:49:46
TEMP909563,liptint,토니모리,N09플럼쇼킹,136,42,62,9.7038,41.4073,10.1959,#882A3E,A_normal,2025-11-25 13:49:46
TEMP944536,liptint,토니모리,N10모브쇼킹,188,94,106,15.4626,38.9469,10.9077,#BC5E6A,A_normal,2025-11-25 13:49:46
TEMP921355,liptint,토니모리,N11로제트쇼킹,223,7,62,14.1679,73.0482,32.7795,#DF073E,A_normal,2025-11-25 13:49:46
TEMP797311,liptint,토니모리,N12페어리쇼킹,208,99,109,16.6572,43.9664,15.1222,#D0636D,A_normal,2025-11-25 13:49:46
TEMP502133,liptint,토니모리,N13애프리콧쇼킹,212,96,90,16.5541,45.256,25.8272,#D4605A,A_normal,2025-11-25 13:49:46
TEMP856534,liptint,토니모리,N14피치쇼킹,208,106,114,17.104,40.9374,14.2665,#D06A72,A_normal,2025-11-25 13:49:46
TEMP713218,liptint,토니모리,S01오렌지쇼킹,235,88,19,17.0328,54.2392,62.5692,#EB5813,A_normal,2025-11-25 13:49:46
TEMP750861,liptint,토니모리,S02브릭쇼킹,191,92,82,15.3258,38.8612,24.5349,#BF5C52,A_normal,2025-11-25 13:49:46
TEMP668666,liptint,토니모리,올영단독S03애플쇼킹,186,51,61,12.8951,54.0426,26.5384,#BA333D,A_normal,2025-11-25 13:49:46
TEMP985312,liptint,토니모리,올영단독S04그레이프쇼킹,176,97,129,15.3339,35.884,-3.6129,#B06181,A_normal,2025-11-25 13:49:46
TEMP194294,liptint,토니모리,주토피아콜라보N16하트럼쇼킹,238,115,134,19.0436,49.1167,12.3985,#EE7386,A_normal,2025-11-25 13:49:46
TEMP281086,liptint,토니모리,주토피아콜라보S05선셋볼쇼킹,223,80,52,16.1051,54.3085,45.5646,#DF5034,A_normal,2025-11-25 13:49:46
TEMP172788,liptint,투크,03보니타,149,61,71,11.4511,37.9139,12.8037,#953D47,A_normal,2025-11-25 13:49:46
TEMP178180,liptint,투크,04베를린,178,82,72,14.0806,38.2544,24.6574,#B25248,A_normal,2025-11-25 13:49:46
TEMP802664,liptint,투크,05산스,229,79,94,16.5412,58.8923,23.9591,#E54F5E,A_normal,2025-11-25 13:49:46
TEMP415407,liptint,투크,07지지,133,58,78,10.5393,34.2949,3.7071,#853A4E,A_normal,2025-11-25 13:49:46
TEMP961715,liptint,투크,10유레카,235,87,101,17.2457,58.0131,23.1579,#EB5765,A_normal,2025-11-25 13:49:46
TEMP417736,liptint,투크,13엔젤애플,151,53,44,10.972,40.505,27.5648,#97352C,A_normal,2025-11-25 13:49:46
TEMP646982,liptint,투크,14차밍,157,47,77,11.211,47.5326,8.1013,#9D2F4D,A_normal,2025-11-25 13:49:46
TEMP124273,liptint,투크,15모던핑크,209,58,73,14.5032,59.3129,26.9339,#D13A49,A_normal,2025-11-25 13:49:46
TEMP901930,liptint,투크,16베어애프리콧,226,118,94,18.4802,39.7883,32.2142,#E2765E,A_normal,2025-11-25 13:49:46
TEMP071111,liptint,투크,17노체핑크,212,112,141,17.8335,42.3532,2.1209,#D4708D,A_normal,2025-11-25 13:49:46
TEMP701167,liptint,투크,단품01네이키드,173,94,78,14.6437,30.4567,23.4101,#AD5E4E,A_normal,2025-11-25 13:49:46
TEMP802000,liptint,투크,단품02겟러브,207,78,87,15.3477,51.6306,22.1636,#CF4E57,A_normal,2025-11-25 13:49:46
TEMP226108,liptint,투크,단품06로맨스,232,94,93,17.3987,53.4237,28.3556,#E85E5D,A_normal,2025-11-25 13:49:46
TEMP503719,liptint,투크,단품11네이키드핑크,159,63,74,12.0849,40.8313,14.084,#9F3F4A,A_normal,2025-11-25 13:49:46
TEMP377870,liptint,투크,단품12조지아,214,98,106,16.8491,46.3149,17.8971,#D6626A,A_normal,2025-11-25 13:49:46
TEMP234940,liptint,퓌,01스위티듀,209,101,131,16.9769,45.6541,3.7557,#D16583,A_normal,2025-11-25 13:49:46
TEMP671450,liptint,퓌,02바닐라듀,234,103,110,18.054,51.2613,21.53,#EA676E,A_normal,2025-11-25 13:49:46
TEMP508842,liptint,퓌,03위듀아웃,218,103,115,17.3676,46.122,15.1249,#DA6773,A_normal,2025-11-25 13:49:46
TEMP097610,liptint,퓌,04멜바듀,240,104,96,18.3073,51.8369,30.7859,#F06860,A_normal,2025-11-25 13:49:46
TEMP580932,liptint,퓌,06베리팝,209,67,104,15.0551,58.1664,10.6882,#D14368,A_normal,2025-11-25 13:49:46
TEMP880751,liptint,퓌,07피치팝,226,80,97,16.4516,57.7372,21.7087,#E25061,A_normal,2025-11-25 13:49:46
TEMP546409,liptint,퓌,08리치팝,216,80,78,15.8489,53.1936,29.8941,#D8504E,A_normal,2025-11-25 13:49:46
TEMP939662,liptint,퓌,09애플딥,207,58,72,14.3882,58.6463,26.9714,#CF3A48,A_normal,2025-11-25 13:49:46
TEMP954034,liptint,퓌,10체리딥,186,55,85,13.1966,54.1637,13.0832,#BA3755,A_normal,2025-11-25 13:49:46
TEMP820000,liptint,퓌,11플럼딥,168,46,85,11.8423,52.0374,6.2763,#A82E55,A_normal,2025-11-25 13:49:46
TEMP918931,liptint,퓌,12피그딥,204,72,82,14.8797,52.8612,22.9946,#CC4852,A_normal,2025-11-25 13:49:46
TEMP383593,liptint,힌스,01베어,221,118,103,18.3169,38.604,26.345,#DD7667,A_normal,2025-11-25 13:49:46
TEMP160291,liptint,힌스,02로로즈,230,74,72,16.2695,59.8929,35.5992,#E64A48,A_normal,2025-11-25 13:49:46
TEMP763248,liptint,힌스,03로프리콧,229,82,71,16.5687,56.3129,37.3051,#E55247,A_normal,2025-11-25 13:49:46
TEMP630733,liptint,힌스,04피버,205,42,57,13.6633,62.3729,32.8843,#CD2A39,A_normal,2025-11-25 13:49:46
TEMP075852,liptint,힌스,05히비스커스,221,39,78,14.6199,68.5339,24.879,#DD274E,A_normal,2025-11-25 13:49:46
TEMP261065,liptint,힌스,06로그레이프,177,68,91,13.3722,46.31,9.9544,#B1445B,A_normal,2025-11-25 13:49:46
TEMP148935,liptint,힌스,07칠,141,33,57,9.5745,46.1562,13.0355,#8D2139,A_normal,2025-11-25 13:49:46
TEMP381137,liptint,힌스,08레어,226,117,119,18.555,42.4073,18.4508,#E27577,A_normal,2025-11-25 13:49:46
TEMP806345,liptint,힌스,09로라일락,216,103,135,17.426,47.5236,3.7091,#D86787,A_normal,2025-11-25 13:49:46
TEMP853234,liptint,힌스,10로체리,161,19,58,10.4108,55.7715,16.8294,#A1133A,A_normal,2025-11-25 13:49:46
TEMP593026,liptint,힌스,11차이,199,113,106,17.1214,33.0947,18.7832,#C7716A,A_normal,2025-11-25 13:49:46
TEMP013518,liptint,힌스,12로휘그,227,86,89,16.7396,54.9877,27.6705,#E35659,A_normal,2025-11-25 13:49:46
TEMP398132,liptint,힌스,13핑크페퍼,249,108,117,19.0412,54.6389,22.3476,#F96C75,A_normal,2025-11-25 13:49:46
TEMP562260,liptint,힌스,14로코코,188,83,72,14.609,41.5119,27.2202,#BC5348,A_normal,2025-11-25 13:49:46
TEMP502691,liptint,힌스,15바이트,151,7,37,9.4506,54.0084,25.9675,#970725,A_normal,2025-11-25 13:49:46
TEMP593109,liptint,힌스,16로베리,232,101,124,17.9457,52.7364,12.8962,#E8657C,A_normal,2025-11-25 13:49:46
TEMP375590,liptint,힌스,17로피치,251,123,125,19.9929,48.9395,22.1581,#FB7B7D,A_normal,2025-11-25 13:49:46
TEMP526228,liptint,힌스,NEW26로즈프레소,189,100,89,15.7717,34.521,22.3508,#BD6459,A_normal,2025-11-25 13:49:46
TEMP602313,liptint,힌스,NEW27얼루어로즈,169,72,85,13.152,41.0437,12.4244,#A94855,A_normal,2025-11-25 13:49:46
TEMP619781,liptint,웨이크메이크,11써니코랄,226,66,48,15.6469,60.6337,46.2351,#E24230,B_hardcase,2025-11-25 13:49:46
TEMP517418,liptint,오아드,01슬릭코랄,191,38,31,12.6302,58.5441,43.0246,#BF261F,B_hardcase,2025-11-25 13:49:46
TEMP840736,liptint,오아드,02피치피즈,246,61,62,16.6092,68.7964,43.2451,#F63D3E,B_hardcase,2025-11-25 13:49:46
TEMP176610,liptint,오아드,03뉴로,233,71,67,16.2844,61.7315,38.612,#E94743,B_hardcase,2025-11-25 13:49:46
TEMP104963,liptint,오아드,04틴,194,41,75,13.0815,60.4806,19.0242,#C2294B,B_hardcase,2025-11-25 13:49:46
TEMP689572,liptint,오아드,05포그베이,189,65,61,13.6654,49.493,29.8124,#BD413D,B_hardcase,2025-11-25 13:49:46
TEMP885643,liptint,오아드,06로지마롱,198,87,74,15.3178,43.3863,29.3628,#C6574A,B_hardcase,2025-11-25 13:49:46
TEMP337762,liptint,오아드,07애플리,216,1,47,13.6204,71.3501,39.1996,#D8012F,B_hardcase,2025-11-25 13:49:46
TEMP315849,liptint,오아드,08버니잼,242,61,105,16.5957,69.8895,18.0963,#F23D69,B_hardcase,2025-11-25 13:49:46
TEMP910270,liptint,오아드,09밋베리,197,0,67,12.497,67.6917,21.5931,#C50043,B_hardcase,2025-11-25 13:49:46
TEMP326749,liptint,오아드,10뮤모브,163,44,87,11.5012,51.4575,3.2553,#A32C57,B_hardcase,2025-11-25 13:49:46
