product_id,category,brand,option,r,g,b,timestamp
A20251125093748278695,liptint,3CE,넥타,133,71,69,2025-11-25 09:37:48
A20251125093748237533,liptint,3CE,넥타,133,71,69,2025-11-25 09:37:48
A20251125093748318143,liptint,3CE,니트웜베스트,243,212,214,2025-11-25 09:37:48
A20251125093748165339,liptint,3CE,니트웜베스트,243,212,214,2025-11-25 09:37:48
A20251125093748709531,liptint,3CE,드리미겨울쿨추천,229,202,205,2025-11-25 09:37:48
A20251125093748176440,liptint,3CE,드리미겨울쿨추천,229,202,205,2025-11-25 09:37:48
A20251125093748486441,liptint,3CE,라일락글레이즈,185,107,132,2025-11-25 09:37:48
A20251125093748290958,liptint,3CE,라일락글레이즈,185,107,132,2025-11-25 09:37:48
A20251125093748175035,liptint,3CE,레드뮤즈,221,68,65,2025-11-25 09:37:48
A20251125093748162484,liptint,3CE,레드뮤즈,221,68,65,2025-11-25 09:37:48
A20251125093748151483,liptint,3CE,레인오어샤인,209,109,119,2025-11-25 09:37:48
A20251125093748263268,liptint,3CE,레인오어샤인,209,109,119,2025-11-25 09:37:48
A20251125093748330985,liptint,3CE,머머링,220,123,111,2025-11-25 09:37:48
A20251125093748276065,liptint,3CE,머머링,220,123,111,2025-11-25 09:37:48
A20251125093748137208,liptint,3CE,밀키섀도우,187,126,110,2025-11-25 09:37:48
A20251125093748166010,liptint,3CE,밀키섀도우,187,126,110,2025-11-25 09:37:48
A20251125093748293226,liptint,3CE,버디웜추천,245,219,217,2025-11-25 09:37:48
A20251125093748235214,liptint,3CE,버디웜추천,245,219,217,2025-11-25 09:37:48
A20251125093748718042,liptint,3CE,세컨드스킨,243,231,230,2025-11-25 09:37:48
A20251125093748788883,liptint,3CE,세컨드스킨,243,231,230,2025-11-25 09:37:48
A20251125093748370613,liptint,3CE,센슈얼브리즈,190,102,91,2025-11-25 09:37:48
A20251125093748252196,liptint,3CE,센슈얼브리즈,190,102,91,2025-11-25 09:37:48
A20251125093748142699,liptint,3CE,소프티스트,217,137,130,2025-11-25 09:37:48
A20251125093748394701,liptint,3CE,소프티스트,217,137,130,2025-11-25 09:37:48
A20251125093748125180,liptint,3CE,스모크핑크,212,91,86,2025-11-25 09:37:48
A20251125093748216871,liptint,3CE,스모크핑크,212,91,86,2025-11-25 09:37:48
A20251125093748178965,liptint,3CE,스피크투미,184,71,61,2025-11-25 09:37:48
A20251125093748111051,liptint,3CE,스피크투미,184,71,61,2025-11-25 09:37:48
A20251125093748182338,liptint,3CE,오트봄웜베이스립추천,249,231,228,2025-11-25 09:37:48
A20251125093748687748,liptint,3CE,오트봄웜베이스립추천,249,231,228,2025-11-25 09:37:48
A20251125093748135104,liptint,3CE,오팔샤워,206,145,146,2025-11-25 09:37:48
A20251125093748292155,liptint,3CE,오팔샤워,206,145,146,2025-11-25 09:37:48
A20251125093748129283,liptint,3CE,워미시무브,204,119,85,2025-11-25 09:37:48
A20251125093748223154,liptint,3CE,워미시무브,204,119,85,2025-11-25 09:37:48
A20251125093748288710,liptint,3CE,웨이백,194,115,99,2025-11-25 09:37:48
A20251125093748134713,liptint,3CE,웨이백,194,115,99,2025-11-25 09:37:48
A20251125093748867272,liptint,3CE,유어사이드여름쿨추천,249,203,213,2025-11-25 09:37:48
A20251125093748405928,liptint,3CE,유어사이드여름쿨추천,249,203,213,2025-11-25 09:37:48
A20251125093748329316,liptint,3CE,이터널웜,186,110,88,2025-11-25 09:37:49
A20251125093749230796,liptint,3CE,칠무브,153,71,68,2025-11-25 09:37:49
A20251125093749109756,liptint,3CE,이터널웜,186,110,88,2025-11-25 09:37:49
A20251125093749135651,liptint,3CE,칠무브,153,71,68,2025-11-25 09:37:49
A20251125093749297484,liptint,3CE,코지위스퍼쿨베스트,245,210,216,2025-11-25 09:37:49
A20251125093749308212,liptint,3CE,코지위스퍼쿨베스트,245,210,216,2025-11-25 09:37:49
A20251125093749122267,liptint,3CE,콜디스트,132,57,77,2025-11-25 09:37:49
A20251125093749451092,liptint,3CE,콜디스트,132,57,77,2025-11-25 09:37:49
A20251125093749313613,liptint,3CE,텍스트미겨울쿨추천,241,216,221,2025-11-25 09:37:49
A20251125093749281469,liptint,3CE,텍스트미겨울쿨추천,241,216,221,2025-11-25 09:37:49
A20251125093749291198,liptint,3CE,토프베이지가을웜추천,232,210,206,2025-11-25 09:37:49
A20251125093749183522,liptint,3CE,토프베이지가을웜추천,232,210,206,2025-11-25 09:37:49
A20251125093749168497,liptint,3CE,패시네이티드,250,235,239,2025-11-25 09:37:49
A20251125093749950866,liptint,3CE,패시네이티드,250,235,239,2025-11-25 09:37:49
A20251125093749337530,liptint,3CE,포커스온미,222,108,93,2025-11-25 09:37:49
A20251125093749119955,liptint,3CE,포커스온미,222,108,93,2025-11-25 09:37:49
A20251125093749163973,liptint,3CE,퓨어블렌딩여름쿨베이스립추천,248,221,225,2025-11-25 09:37:49
A20251125093749185125,liptint,3CE,퓨어블렌딩여름쿨베이스립추천,248,221,225,2025-11-25 09:37:49
A20251125093749135750,liptint,3CE,허쉬레드뉴트럴베스트,244,202,207,2025-11-25 09:37:49
A20251125093749291275,liptint,3CE,허쉬레드뉴트럴베스트,244,202,207,2025-11-25 09:37:49
A20251125093749235070,liptint,3CE,헤이지로즈,177,77,80,2025-11-25 09:37:49
A20251125093749250785,liptint,3CE,헤이지로즈,177,77,80,2025-11-25 09:37:49
A20251125093749190788,liptint,네이밍,ANN안,234,133,141,2025-11-25 09:37:49
A20251125093749213612,liptint,네이밍,ANN안,234,133,141,2025-11-25 09:37:49
A20251125093749291333,liptint,네이밍,BREVITY브레버티,193,135,117,2025-11-25 09:37:50
A20251125093749270564,liptint,네이밍,BREVITY브레버티,193,135,117,2025-11-25 09:37:50
A20251125093750297784,liptint,네이밍,FURTIVE퍼티브,192,103,122,2025-11-25 09:37:50
A20251125093750248086,liptint,네이밍,FURTIVE퍼티브,192,103,122,2025-11-25 09:37:50
A20251125093750315847,liptint,네이밍,KNELL넬,204,123,111,2025-11-25 09:37:50
A20251125093750292965,liptint,네이밍,KNELL넬,204,123,111,2025-11-25 09:37:50
A20251125093750180134,liptint,네이밍,MANDY맨디,165,85,79,2025-11-25 09:37:50
A20251125093750560138,liptint,네이밍,MANDY맨디,165,85,79,2025-11-25 09:37:50
A20251125093750313238,liptint,네이밍,RIZZ리즈,206,115,120,2025-11-25 09:37:50
A20251125093750126489,liptint,네이밍,RIZZ리즈,206,115,120,2025-11-25 09:37:50
A20251125093750263086,liptint,네이밍,TENZE텐즈,164,80,91,2025-11-25 09:37:50
A20251125093750243236,liptint,네이밍,TENZE텐즈,164,80,91,2025-11-25 09:37:50
A20251125093750263222,liptint,네이밍,UPTICK업틱,231,91,90,2025-11-25 09:37:50
A20251125093750255759,liptint,네이밍,UPTICK업틱,231,91,90,2025-11-25 09:37:50
A20251125093750226184,liptint,노노어,001캐시미어로즈,182,99,106,2025-11-25 09:37:50
A20251125093750102536,liptint,노노어,001캐시미어로즈,182,99,106,2025-11-25 09:37:50
A20251125093750220927,liptint,노노어,002스웨이드로지브라운,162,107,101,2025-11-25 09:37:50
A20251125093750189210,liptint,노노어,002스웨이드로지브라운,162,107,101,2025-11-25 09:37:50
A20251125093750227314,liptint,노노어,003쉬폰피치에코,196,94,81,2025-11-25 09:37:50
A20251125093750246181,liptint,노노어,003쉬폰피치에코,196,94,81,2025-11-25 09:37:50
A20251125093750279096,liptint,노노어,005프린지레드우드,169,98,90,2025-11-25 09:37:50
A20251125093750107328,liptint,노노어,005프린지레드우드,169,98,90,2025-11-25 09:37:50
A20251125093750208139,liptint,노노어,006베일드피오니핑크,214,128,125,2025-11-25 09:37:50
A20251125093750108117,liptint,노노어,006베일드피오니핑크,214,128,125,2025-11-25 09:37:50
A20251125093750258519,liptint,노노어,007슬릿페일피치,216,157,142,2025-11-25 09:37:50
A20251125093750135440,liptint,노노어,007슬릿페일피치,216,157,142,2025-11-25 09:37:51
A20251125093750473763,liptint,노노어,008타프타피치더스트,210,174,154,2025-11-25 09:37:51
A20251125093751107702,liptint,노노어,008타프타피치더스트,210,174,154,2025-11-25 09:37:51
A20251125093751195150,liptint,노노어,101코트어스터치,116,81,66,2025-11-25 09:37:51
A20251125093751289817,liptint,노노어,101코트어스터치,116,81,66,2025-11-25 09:37:51
A20251125093751891542,liptint,노노어,102실루엣샌드,147,127,113,2025-11-25 09:37:51
A20251125093751283379,liptint,노노어,102실루엣샌드,147,127,113,2025-11-25 09:37:51
A20251125093751222143,liptint,디어달리아,누디베이지아리아나,240,216,211,2025-11-25 09:37:51
A20251125093751452629,liptint,디어달리아,뉴트럴로즈페이,236,209,210,2025-11-25 09:37:51
A20251125093751259964,liptint,디어달리아,누디베이지아리아나,240,216,211,2025-11-25 09:37:51
A20251125093751832585,liptint,디어달리아,로지오렌지시에나,243,201,199,2025-11-25 09:37:51
A20251125093751973854,liptint,디어달리아,뉴트럴로즈페이,236,209,210,2025-11-25 09:37:51
A20251125093751491569,liptint,디어달리아,브라이트핑크크리스틴,246,200,208,2025-11-25 09:37:51
A20251125093751742450,liptint,디어달리아,로지오렌지시에나,243,201,199,2025-11-25 09:37:51
A20251125093751169788,liptint,디어달리아,브라이트핑크크리스틴,246,200,208,2025-11-25 09:37:51
A20251125093751145674,liptint,디어달리아,소프트핑크에린,243,206,204,2025-11-25 09:37:51
A20251125093751334946,liptint,디어달리아,소프트핑크에린,243,206,204,2025-11-25 09:37:51
A20251125093751209855,liptint,디어달리아,체리레드샬롯,240,179,179,2025-11-25 09:37:51
A20251125093751257910,liptint,디어달리아,쿨핑크키이라,247,207,223,2025-11-25 09:37:51
A20251125093751193151,liptint,디어달리아,체리레드샬롯,240,179,179,2025-11-25 09:37:51
A20251125093751104878,liptint,디어달리아,피치코랄엘라,243,206,204,2025-11-25 09:37:51
A20251125093751332509,liptint,디어달리아,쿨핑크키이라,247,207,223,2025-11-25 09:37:51
A20251125093751284759,liptint,디어달리아,다이애나,243,237,238,2025-11-25 09:37:51
A20251125093751337815,liptint,디어달리아,피치코랄엘라,243,206,204,2025-11-25 09:37:51
A20251125093751312713,liptint,디어달리아,다이애나,243,237,238,2025-11-25 09:37:51
A20251125093751200160,liptint,디어달리아,루나,250,241,240,2025-11-25 09:37:51
A20251125093751324693,liptint,디어달리아,에밀리,251,239,239,2025-11-25 09:37:51
A20251125093751206740,liptint,디어달리아,루나,250,241,240,2025-11-25 09:37:51
A20251125093751770369,liptint,디어달리아,이사벨라,250,242,243,2025-11-25 09:37:51
A20251125093751119584,liptint,디어달리아,에밀리,251,239,239,2025-11-25 09:37:51
A20251125093751189550,liptint,디어달리아,카일리,248,236,238,2025-11-25 09:37:51
A20251125093751107644,liptint,디어달리아,이사벨라,250,242,243,2025-11-25 09:37:51
A20251125093751218047,liptint,디어달리아,카일리,248,236,238,2025-11-25 09:37:51
A20251125093751265040,liptint,디어달리아,클로이,244,231,232,2025-11-25 09:37:51
A20251125093751442025,liptint,디어달리아,클로이,244,231,232,2025-11-25 09:37:51
A20251125093751155522,liptint,디어달리아,펠리시아,243,232,233,2025-11-25 09:37:51
A20251125093751173878,liptint,디어달리아,펠리시아,243,232,233,2025-11-25 09:37:51
A20251125093751708775,liptint,디어달리아,헤이즐,251,238,239,2025-11-25 09:37:51
A20251125093751198375,liptint,롬앤,01더스티핑크,164,79,88,2025-11-25 09:37:51
A20251125093751184115,liptint,디어달리아,헤이즐,251,238,239,2025-11-25 09:37:51
A20251125093751461419,liptint,롬앤,02올댓재즈,166,53,45,2025-11-25 09:37:51
A20251125093751609773,liptint,롬앤,01더스티핑크,164,79,88,2025-11-25 09:37:51
A20251125093751250791,liptint,롬앤,03실루엣,146,54,54,2025-11-25 09:37:51
A20251125093751231283,liptint,롬앤,02올댓재즈,166,53,45,2025-11-25 09:37:51
A20251125093751105877,liptint,롬앤,04비포선셋,165,62,72,2025-11-25 09:37:51
A20251125093751257891,liptint,롬앤,03실루엣,146,54,54,2025-11-25 09:37:51
A20251125093751103145,liptint,롬앤,05이브닝,151,60,50,2025-11-25 09:37:51
A20251125093751160367,liptint,롬앤,04비포선셋,165,62,72,2025-11-25 09:37:51
A20251125093751287161,liptint,롬앤,05이브닝,151,60,50,2025-11-25 09:37:51
A20251125093751212839,liptint,롬앤,06어썸,219,89,83,2025-11-25 09:37:51
A20251125093751161528,liptint,롬앤,07엔비미,204,98,98,2025-11-25 09:37:51
A20251125093751317154,liptint,롬앤,06어썸,219,89,83,2025-11-25 09:37:51
A20251125093751187104,liptint,롬앤,07엔비미,204,98,98,2025-11-25 09:37:51
A20251125093751893100,liptint,롬앤,08어도러블,216,86,82,2025-11-25 09:37:51
A20251125093751242695,liptint,롬앤,08어도러블,216,86,82,2025-11-25 09:37:52
A20251125093752110393,liptint,롬앤,09쉘누드,227,131,116,2025-11-25 09:37:52
A20251125093752202368,liptint,롬앤,09쉘누드,227,131,116,2025-11-25 09:37:52
A20251125093752120795,liptint,롬앤,10핑크샌드,198,103,110,2025-11-25 09:37:52
A20251125093752986414,liptint,롬앤,10핑크샌드,198,103,110,2025-11-25 09:37:52
A20251125093752132690,liptint,롬앤,11선라이트,209,31,69,2025-11-25 09:37:52
A20251125093752186654,liptint,롬앤,11선라이트,209,31,69,2025-11-25 09:37:52
A20251125093752302286,liptint,롬앤,12썸띵,212,47,69,2025-11-25 09:37:52
A20251125093752809777,liptint,롬앤,12썸띵,212,47,69,2025-11-25 09:37:52
A20251125093752471308,liptint,롬앤,13레드카펫,157,26,44,2025-11-25 09:37:52
A20251125093752266348,liptint,롬앤,13레드카펫,157,26,44,2025-11-25 09:37:52
A20251125093752233923,liptint,롬앤,14스윗피,180,49,74,2025-11-25 09:37:52
A20251125093752321586,liptint,롬앤,14스윗피,180,49,74,2025-11-25 09:37:52
A20251125093752324761,liptint,롬앤,15미드나잇,121,31,43,2025-11-25 09:37:52
A20251125093752119461,liptint,롬앤,15미드나잇,121,31,43,2025-11-25 09:37:52
A20251125093752268594,liptint,롬앤,16대즐레드,208,50,41,2025-11-25 09:37:52
A20251125093752324968,liptint,롬앤,16대즐레드,208,50,41,2025-11-25 09:37:52
A20251125093752864225,liptint,롬앤,17레드히트,182,37,53,2025-11-25 09:37:52
A20251125093752876353,liptint,롬앤,17레드히트,182,37,53,2025-11-25 09:37:52
A20251125093752101248,liptint,롬앤,18태닝레드,169,41,46,2025-11-25 09:37:52
A20251125093752535165,liptint,롬앤,18태닝레드,169,41,46,2025-11-25 09:37:52
A20251125093752193846,liptint,롬앤,19레드서퍼,192,17,57,2025-11-25 09:37:52
A20251125093752297420,liptint,롬앤,19레드서퍼,192,17,57,2025-11-25 09:37:52
A20251125093752300566,liptint,롬앤,20레드다이브,141,22,43,2025-11-25 09:37:52
A20251125093752116196,liptint,롬앤,20레드다이브,141,22,43,2025-11-25 09:37:52
A20251125093752124990,liptint,롬앤,21스모크드베이지,177,103,91,2025-11-25 09:37:52
A20251125093752278662,liptint,롬앤,21스모크드베이지,177,103,91,2025-11-25 09:37:52
A20251125093752319080,liptint,롬앤,22모브빈즈,168,93,105,2025-11-25 09:37:52
A20251125093752328893,liptint,롬앤,22모브빈즈,168,93,105,2025-11-25 09:37:52
A20251125093752314286,liptint,맥,디보티드투데인저,179,24,29,2025-11-25 09:37:52
A20251125093752262321,liptint,맥,디보티드투데인저,179,24,29,2025-11-25 09:37:52
A20251125093752186842,liptint,맥,루비뉴,154,16,38,2025-11-25 09:37:52
A20251125093752336959,liptint,맥,루비뉴,154,16,38,2025-11-25 09:37:52
A20251125093752161196,liptint,맥,멀잇오버,163,82,69,2025-11-25 09:37:52
A20251125093752314844,liptint,맥,멀잇오버,163,82,69,2025-11-25 09:37:52
A20251125093752136701,liptint,맥,스윗시나몬,188,86,79,2025-11-25 09:37:52
A20251125093752212195,liptint,맥,스윗시나몬,188,86,79,2025-11-25 09:37:52
A20251125093752655203,liptint,맥,스테이큐리어스,157,58,65,2025-11-25 09:37:52
A20251125093752691886,liptint,맥,스테이큐리어스,157,58,65,2025-11-25 09:37:52
A20251125093752266998,liptint,맥,진저렐라,177,68,66,2025-11-25 09:37:52
A20251125093752144357,liptint,맥,진저렐라,177,68,66,2025-11-25 09:37:52
A20251125093752393516,liptint,맥,핫파프리카,248,76,60,2025-11-25 09:37:52
A20251125093752336763,liptint,맥,핫파프리카,248,76,60,2025-11-25 09:37:52
A20251125093752205484,liptint,바닐라코,누드로즈,240,220,219,2025-11-25 09:37:52
A20251125093752153379,liptint,바닐라코,누드로즈,240,220,219,2025-11-25 09:37:52
A20251125093752418932,liptint,바닐라코,누드베이지,244,227,223,2025-11-25 09:37:52
A20251125093752608104,liptint,바닐라코,누드베이지,244,227,223,2025-11-25 09:37:52
A20251125093752312828,liptint,바닐라코,발레리나,250,230,228,2025-11-25 09:37:52
A20251125093752218949,liptint,바닐라코,발레리나,250,230,228,2025-11-25 09:37:52
A20251125093752305954,liptint,바닐라코,살몬누드,243,230,225,2025-11-25 09:37:52
A20251125093752329349,liptint,바닐라코,살몬누드,243,230,225,2025-11-25 09:37:52
A20251125093752261001,liptint,바닐라코,코랄슈,245,221,216,2025-11-25 09:37:52
A20251125093752168905,liptint,바닐라코,코랄슈,245,221,216,2025-11-25 09:37:52
A20251125093752146945,liptint,바닐라코,핑크슈,243,222,223,2025-11-25 09:37:52
A20251125093752621680,liptint,바닐라코,핑크슈,243,222,223,2025-11-25 09:37:52
A20251125093752257399,liptint,에스쁘아,디즈니13호비트라일락,194,15,62,2025-11-25 09:37:52
A20251125093752274047,liptint,에스쁘아,디즈니13호비트라일락,194,15,62,2025-11-25 09:37:52
A20251125093752289351,liptint,에스쁘아,디즈니14호스웨이코랄,223,72,76,2025-11-25 09:37:52
A20251125093752218279,liptint,에스쁘아,디즈니14호스웨이코랄,223,72,76,2025-11-25 09:37:52
A20251125093752168821,liptint,에스쁘아,메리베리에디션2호베리코어,254,14,43,2025-11-25 09:37:52
A20251125093752270539,liptint,에스쁘아,메리베리에디션2호베리코어,254,14,43,2025-11-25 09:37:53
A20251125093753196846,liptint,에스쁘아,메리베리에디션18호누디베리,182,93,83,2025-11-25 09:37:53
A20251125093753607352,liptint,에스쁘아,메리베리에디션18호누디베리,182,93,83,2025-11-25 09:37:53
A20251125093753208102,liptint,에스쁘아,메리베리에디션19호메리베리,151,50,69,2025-11-25 09:37:53
A20251125093753146240,liptint,에스쁘아,메리베리에디션19호메리베리,151,50,69,2025-11-25 09:37:53
A20251125093753151352,liptint,에스쁘아,1호포그모브,206,70,95,2025-11-25 09:37:53
A20251125093753250715,liptint,에스쁘아,1호포그모브,206,70,95,2025-11-25 09:37:53
A20251125093753330942,liptint,에스쁘아,2호베리코어,254,14,43,2025-11-25 09:37:53
A20251125093753104211,liptint,에스쁘아,2호카인다핑크,226,113,134,2025-11-25 09:37:53
A20251125093753879109,liptint,에스쁘아,2호카인다핑크,226,113,134,2025-11-25 09:37:53
A20251125093753120872,liptint,에스쁘아,3호크랜베리,194,11,48,2025-11-25 09:37:53
A20251125093753272329,liptint,에스쁘아,3호크랜베리,194,11,48,2025-11-25 09:37:53
A20251125093753125830,liptint,에스쁘아,3호푸시안,243,44,110,2025-11-25 09:37:53
A20251125093753177255,liptint,에스쁘아,3호푸시안,243,44,110,2025-11-25 09:37:53
A20251125093753251705,liptint,에스쁘아,4호레디셋고,229,27,52,2025-11-25 09:37:53
A20251125093753198583,liptint,에스쁘아,4호레디셋고,229,27,52,2025-11-25 09:37:53
A20251125093753142945,liptint,에스쁘아,4호헤이베스티,253,81,145,2025-11-25 09:37:53
A20251125093753321297,liptint,에스쁘아,4호헤이베스티,253,81,145,2025-11-25 09:37:53
A20251125093753209227,liptint,에스쁘아,5호로지퍼지,211,104,109,2025-11-25 09:37:53
A20251125093753253423,liptint,에스쁘아,5호로지퍼지,211,104,109,2025-11-25 09:37:53
A20251125093753188656,liptint,에스쁘아,5호블루베리,194,80,119,2025-11-25 09:37:53
A20251125093753326402,liptint,에스쁘아,5호블루베리,194,80,119,2025-11-25 09:37:53
A20251125093753160487,liptint,에스쁘아,6호뉴로즈,243,118,142,2025-11-25 09:37:53
A20251125093753316970,liptint,에스쁘아,6호뉴로즈,243,118,142,2025-11-25 09:37:53
A20251125093753207198,liptint,에스쁘아,6호코랄커드,248,81,94,2025-11-25 09:37:53
A20251125093753142048,liptint,에스쁘아,6호코랄커드,248,81,94,2025-11-25 09:37:53
A20251125093753985472,liptint,에스쁘아,7호애쉬메이플,204,92,86,2025-11-25 09:37:53
A20251125093753192145,liptint,에스쁘아,7호애쉬메이플,204,92,86,2025-11-25 09:37:53
A20251125093753203569,liptint,에스쁘아,7호탠지버터,240,118,84,2025-11-25 09:37:53
A20251125093753276614,liptint,에스쁘아,7호탠지버터,240,118,84,2025-11-25 09:37:53
A20251125093753310641,liptint,에스쁘아,8호애쉬코코아,132,61,54,2025-11-25 09:37:53
A20251125093753162876,liptint,에스쁘아,8호애쉬코코아,132,61,54,2025-11-25 09:37:53
A20251125093753234832,liptint,에스쁘아,9호퍼시몬,220,46,49,2025-11-25 09:37:53
A20251125093753167843,liptint,에스쁘아,9호퍼시몬,220,46,49,2025-11-25 09:37:53
A20251125093753334961,liptint,에스쁘아,10호피치라이즈,209,102,107,2025-11-25 09:37:53
A20251125093753128100,liptint,에스쁘아,10호피치라이즈,209,102,107,2025-11-25 09:37:53
A20251125093753711710,liptint,에스쁘아,11호그레이피,195,31,75,2025-11-25 09:37:53
A20251125093753332167,liptint,에스쁘아,11호그레이피,195,31,75,2025-11-25 09:37:53
A20251125093753192273,liptint,에스쁘아,15호피치듀,231,107,104,2025-11-25 09:37:53
A20251125093753163152,liptint,에스쁘아,15호피치듀,231,107,104,2025-11-25 09:37:53
A20251125093753180687,liptint,에스쁘아,16호피치바이브,235,72,89,2025-11-25 09:37:53
A20251125093753141211,liptint,에스쁘아,16호피치바이브,235,72,89,2025-11-25 09:37:53
A20251125093753153943,liptint,에크멀,01피더리핑크,251,246,247,2025-11-25 09:37:53
A20251125093753143001,liptint,에크멀,01피더리핑크,251,246,247,2025-11-25 09:37:53
A20251125093753272751,liptint,에크멀,02플러피코랄,252,248,247,2025-11-25 09:37:53
A20251125093753151774,liptint,에크멀,02플러피코랄,252,248,247,2025-11-25 09:37:53
A20251125093753934669,liptint,에크멀,03멜로우베이지,249,247,245,2025-11-25 09:37:53
A20251125093753179414,liptint,에크멀,03멜로우베이지,249,247,245,2025-11-25 09:37:53
A20251125093753108674,liptint,에크멀,04미스티모즈,29,23,24,2025-11-25 09:37:53
A20251125093753661756,liptint,에크멀,04미스티모즈,29,23,24,2025-11-25 09:37:53
A20251125093753183238,liptint,에크멀,05멜란지브라운,27,23,21,2025-11-25 09:37:53
A20251125093753192316,liptint,에크멀,05멜란지브라운,27,23,21,2025-11-25 09:37:53
A20251125093753216190,liptint,웨이크메이크,재입고13볼드누드,210,205,205,2025-11-25 09:37:53
A20251125093753153265,liptint,웨이크메이크,재입고13볼드누드,210,205,205,2025-11-25 09:37:53
A20251125093753502463,liptint,웨이크메이크,재입고14와일드토프,206,201,201,2025-11-25 09:37:53
A20251125093753215044,liptint,웨이크메이크,재입고14와일드토프,206,201,201,2025-11-25 09:37:53
A20251125093753128379,liptint,웨이크메이크,01러브피버,246,241,241,2025-11-25 09:37:53
A20251125093753135584,liptint,웨이크메이크,01러브피버,246,241,241,2025-11-25 09:37:53
A20251125093753186980,liptint,웨이크메이크,01피치샤워,247,239,239,2025-11-25 09:37:53
A20251125093753243562,liptint,웨이크메이크,01피치샤워,247,239,239,2025-11-25 09:37:53
A20251125093753105255,liptint,웨이크메이크,02밀크애프리콧,248,242,242,2025-11-25 09:37:53
A20251125093753617812,liptint,웨이크메이크,02밀크애프리콧,248,242,242,2025-11-25 09:37:53
A20251125093753140161,liptint,웨이크메이크,02스윗챗,248,239,239,2025-11-25 09:37:54
A20251125093753320714,liptint,웨이크메이크,02스윗챗,248,239,239,2025-11-25 09:37:54
A20251125093754107570,liptint,웨이크메이크,03샤이유스,247,240,240,2025-11-25 09:37:54
A20251125093754228459,liptint,웨이크메이크,03샤이유스,247,240,240,2025-11-25 09:37:54
A20251125093754108847,liptint,웨이크메이크,03애플피즈,245,235,234,2025-11-25 09:37:54
A20251125093754303827,liptint,웨이크메이크,03애플피즈,245,235,234,2025-11-25 09:37:54
A20251125093754247428,liptint,웨이크메이크,04아몬드누드,245,238,236,2025-11-25 09:37:54
A20251125093754120193,liptint,웨이크메이크,04피치베베,247,240,240,2025-11-25 09:37:54
A20251125093754320699,liptint,웨이크메이크,04아몬드누드,245,238,236,2025-11-25 09:37:54
A20251125093754477285,liptint,웨이크메이크,05로지냅,245,235,235,2025-11-25 09:37:54
A20251125093754181202,liptint,웨이크메이크,04피치베베,247,240,240,2025-11-25 09:37:54
A20251125093754305720,liptint,웨이크메이크,05블러쉬드핑크,247,240,241,2025-11-25 09:37:54
A20251125093754248884,liptint,웨이크메이크,05로지냅,245,235,235,2025-11-25 09:37:54
A20251125093754308255,liptint,웨이크메이크,06니트,246,240,240,2025-11-25 09:37:54
A20251125093754304185,liptint,웨이크메이크,05블러쉬드핑크,247,240,241,2025-11-25 09:37:54
A20251125093754843901,liptint,웨이크메이크,06무디핑크,249,239,241,2025-11-25 09:37:54
A20251125093754264326,liptint,웨이크메이크,06니트,246,240,240,2025-11-25 09:37:54
A20251125093754254122,liptint,웨이크메이크,07베리플러쉬,250,239,241,2025-11-25 09:37:54
A20251125093754184150,liptint,웨이크메이크,06무디핑크,249,239,241,2025-11-25 09:37:54
A20251125093754305919,liptint,웨이크메이크,07허쉬모브,245,239,240,2025-11-25 09:37:54
A20251125093754284896,liptint,웨이크메이크,07베리플러쉬,250,239,241,2025-11-25 09:37:54
A20251125093754233146,liptint,웨이크메이크,08메이플코랄,245,239,239,2025-11-25 09:37:54
A20251125093754229804,liptint,웨이크메이크,07허쉬모브,245,239,240,2025-11-25 09:37:54
A20251125093754262110,liptint,웨이크메이크,08프레시핑크,249,236,239,2025-11-25 09:37:54
A20251125093754154657,liptint,웨이크메이크,09모브브리스,246,237,239,2025-11-25 09:37:54
A20251125093754305839,liptint,웨이크메이크,08메이플코랄,245,239,239,2025-11-25 09:37:54
A20251125093754259623,liptint,웨이크메이크,09힙베리,245,237,238,2025-11-25 09:37:54
A20251125093754304704,liptint,웨이크메이크,08프레시핑크,249,236,239,2025-11-25 09:37:54
A20251125093754176996,liptint,웨이크메이크,10클리어레드,245,238,238,2025-11-25 09:37:54
A20251125093754514046,liptint,웨이크메이크,09모브브리스,246,237,239,2025-11-25 09:37:54
A20251125093754284391,liptint,웨이크메이크,09힙베리,245,237,238,2025-11-25 09:37:54
A20251125093754833553,liptint,웨이크메이크,10피그레드,245,234,236,2025-11-25 09:37:54
A20251125093754240286,liptint,웨이크메이크,10클리어레드,245,238,238,2025-11-25 09:37:54
A20251125093754704802,liptint,웨이크메이크,11로즈뱅,246,239,238,2025-11-25 09:37:54
A20251125093754123291,liptint,웨이크메이크,10피그레드,245,234,236,2025-11-25 09:37:54
A20251125093754153491,liptint,웨이크메이크,11써니코랄,243,231,230,2025-11-25 09:37:54
A20251125093754188525,liptint,웨이크메이크,11로즈뱅,246,239,238,2025-11-25 09:37:54
A20251125093754571988,liptint,컬러그램,01웜피치,232,211,205,2025-11-25 09:37:54
A20251125093754304045,liptint,웨이크메이크,11써니코랄,243,231,230,2025-11-25 09:37:54
A20251125093754211854,liptint,컬러그램,02쿨핑크,231,213,210,2025-11-25 09:37:54
A20251125093754118046,liptint,컬러그램,01웜피치,232,211,205,2025-11-25 09:37:54
A20251125093754748928,liptint,컬러그램,03누디피치,237,211,204,2025-11-25 09:37:54
A20251125093754322863,liptint,컬러그램,02쿨핑크,231,213,210,2025-11-25 09:37:54
A20251125093754163715,liptint,컬러그램,05쿨로즈,229,212,212,2025-11-25 09:37:54
A20251125093754163154,liptint,컬러그램,03누디피치,237,211,204,2025-11-25 09:37:54
A20251125093754296277,liptint,컬러그램,06누디로즈,228,203,205,2025-11-25 09:37:54
A20251125093754441536,liptint,컬러그램,05쿨로즈,229,212,212,2025-11-25 09:37:54
A20251125093754205583,liptint,클리오,샤프너내장1로지핑크,244,217,216,2025-11-25 09:37:54
A20251125093754600682,liptint,컬러그램,06누디로즈,228,203,205,2025-11-25 09:37:54
A20251125093754314912,liptint,클리오,샤프너내장2피치베이지,241,222,216,2025-11-25 09:37:54
A20251125093754439950,liptint,클리오,샤프너내장1로지핑크,244,217,216,2025-11-25 09:37:54
A20251125093754900968,liptint,클리오,샤프너내장09모카로즈,234,217,215,2025-11-25 09:37:54
A20251125093754123819,liptint,클리오,샤프너내장2피치베이지,241,222,216,2025-11-25 09:37:54
A20251125093754108988,liptint,클리오,샤프너내장10코지누드,239,219,214,2025-11-25 09:37:54
A20251125093754173339,liptint,클리오,샤프너내장09모카로즈,234,217,215,2025-11-25 09:37:54
A20251125093754161724,liptint,클리오,샤프너내장11피치크림,242,223,217,2025-11-25 09:37:54
A20251125093754256534,liptint,클리오,샤프너내장10코지누드,239,219,214,2025-11-25 09:37:54
A20251125093754286394,liptint,클리오,샤프너내장12블러쉬핑크,238,217,217,2025-11-25 09:37:54
A20251125093754267739,liptint,클리오,샤프너내장11피치크림,242,223,217,2025-11-25 09:37:54
A20251125093754293493,liptint,클리오,샤프너내장13뮤티드모브,227,214,214,2025-11-25 09:37:54
A20251125093754150471,liptint,클리오,샤프너내장12블러쉬핑크,238,217,217,2025-11-25 09:37:54
A20251125093754202664,liptint,클리오,샤프너내장14헤이즐넛토프,231,221,216,2025-11-25 09:37:54
A20251125093754224820,liptint,클리오,샤프너내장13뮤티드모브,227,214,214,2025-11-25 09:37:54
A20251125093754448209,liptint,클리오,샤프너내장14헤이즐넛토프,231,221,216,2025-11-25 09:37:54
A20251125093754157387,liptint,클리오,앨리스07뮤즈로즈,193,81,94,2025-11-25 09:37:54
A20251125093754280247,liptint,클리오,앨리스08루시드모브,195,85,125,2025-11-25 09:37:54
A20251125093754179186,liptint,클리오,앨리스07뮤즈로즈,193,81,94,2025-11-25 09:37:54
A20251125093754171682,liptint,클리오,앨리스09헤일로핑크,240,104,155,2025-11-25 09:37:55
A20251125093754180991,liptint,클리오,앨리스08루시드모브,195,85,125,2025-11-25 09:37:55
A20251125093755172644,liptint,클리오,01꿀복숭아,254,221,222,2025-11-25 09:37:55
A20251125093755308488,liptint,클리오,앨리스09헤일로핑크,240,104,155,2025-11-25 09:37:55
A20251125093755218279,liptint,클리오,03꿀앵두,245,48,91,2025-11-25 09:37:55
A20251125093755249484,liptint,클리오,01꿀복숭아,254,221,222,2025-11-25 09:37:55
A20251125093755130565,liptint,클리오,03꿀앵두,245,48,91,2025-11-25 09:37:55
A20251125093755101462,liptint,클리오,04꿀사과,214,65,73,2025-11-25 09:37:55
A20251125093755283586,liptint,클리오,04꿀사과,214,65,73,2025-11-25 09:37:55
A20251125093755299516,liptint,클리오,06꿀무화과,221,107,93,2025-11-25 09:37:55
A20251125093755129337,liptint,클리오,06꿀무화과,221,107,93,2025-11-25 09:37:55
A20251125093755269875,liptint,팁토우,001토슈즈,247,162,162,2025-11-25 09:37:55
A20251125093755306604,liptint,팁토우,001토슈즈,247,162,162,2025-11-25 09:37:55
A20251125093755178921,liptint,팁토우,002모란,240,138,126,2025-11-25 09:37:55
A20251125093755243197,liptint,팁토우,002모란,240,138,126,2025-11-25 09:37:55
A20251125093755401260,liptint,팁토우,003스트로베리,251,125,122,2025-11-25 09:37:55
A20251125093755143518,liptint,팁토우,003스트로베리,251,125,122,2025-11-25 09:37:55
A20251125093755319037,liptint,팁토우,004플럼시럽,217,121,127,2025-11-25 09:37:55
A20251125093755427581,liptint,팁토우,006로지스텝,241,140,144,2025-11-25 09:37:55
A20251125093755107451,liptint,팁토우,004플럼시럽,217,121,127,2025-11-25 09:37:55
A20251125093755182821,liptint,팁토우,007플랫헤이즐,246,162,154,2025-11-25 09:37:55
A20251125093755536196,liptint,팁토우,006로지스텝,241,140,144,2025-11-25 09:37:55
A20251125093755238303,liptint,팁토우,008피치포인,252,168,166,2025-11-25 09:37:55
A20251125093755324397,liptint,팁토우,007플랫헤이즐,246,162,154,2025-11-25 09:37:55
A20251125093755171378,liptint,팁토우,008피치포인,252,168,166,2025-11-25 09:37:55
A20251125093755101572,liptint,팁토우,009베리슈즈,242,162,178,2025-11-25 09:37:55
A20251125093755289836,liptint,팁토우,010모브위스퍼,249,173,179,2025-11-25 09:37:55
A20251125093755270583,liptint,팁토우,009베리슈즈,242,162,178,2025-11-25 09:37:55
A20251125093755234446,liptint,팁토우,011텐더무드,249,173,168,2025-11-25 09:37:55
A20251125093755290733,liptint,팁토우,010모브위스퍼,249,173,179,2025-11-25 09:37:55
A20251125093755255556,liptint,팁토우,NEW012히더잼,232,165,176,2025-11-25 09:37:55
A20251125093755208336,liptint,팁토우,011텐더무드,249,173,168,2025-11-25 09:37:55
A20251125093755250483,liptint,팁토우,NEW013보늬밤라떼,237,170,159,2025-11-25 09:37:55
A20251125093755144707,liptint,팁토우,NEW012히더잼,232,165,176,2025-11-25 09:37:55
A20251125093755343451,liptint,팁토우,NEW014로즈우드,218,138,130,2025-11-25 09:37:55
A20251125093755184420,liptint,팁토우,NEW013보늬밤라떼,237,170,159,2025-11-25 09:37:55
A20251125093755179536,liptint,팁토우,NEW015블러디베리,215,118,128,2025-11-25 09:37:55
A20251125093755830543,liptint,팁토우,NEW014로즈우드,218,138,130,2025-11-25 09:37:55
A20251125093755194308,liptint,하트퍼센트,단품05뉴트럴그레이,59,54,47,2025-11-25 09:37:55
A20251125093755767508,liptint,팁토우,NEW015블러디베리,215,118,128,2025-11-25 09:37:55
A20251125093755174139,liptint,하트퍼센트,단품06뮤트피치,38,28,30,2025-11-25 09:37:55
A20251125093755112648,liptint,하트퍼센트,단품05뉴트럴그레이,59,54,47,2025-11-25 09:37:55
A20251125093755100637,liptint,하트퍼센트,단품06뮤트피치,38,28,30,2025-11-25 09:37:55
A20251125093755269347,liptint,하트퍼센트,일반립펜슬01피치베이지,242,221,215,2025-11-25 09:37:55
A20251125093755322739,liptint,하트퍼센트,일반립펜슬01피치베이지,242,221,215,2025-11-25 09:37:55
A20251125093755282975,liptint,하트퍼센트,일반립펜슬03오트베이지,234,224,218,2025-11-25 09:37:55
A20251125093755238252,liptint,하트퍼센트,일반립펜슬03오트베이지,234,224,218,2025-11-25 09:37:55
A20251125093755309389,liptint,하트퍼센트,일반립펜슬04스트로베리밀크,249,228,236,2025-11-25 09:37:55
A20251125093755293342,liptint,하트퍼센트,일반립펜슬04스트로베리밀크,249,228,236,2025-11-25 09:37:55
A20251125093755204990,liptint,하트퍼센트,일반립펜슬05애프리콧코랄,252,228,225,2025-11-25 09:37:55
A20251125093755210569,liptint,하트퍼센트,일반립펜슬05애프리콧코랄,252,228,225,2025-11-25 09:37:55
A20251125093755682760,liptint,하트퍼센트,일반립펜슬06로즈베이지,240,221,219,2025-11-25 09:37:55
A20251125093755180337,liptint,하트퍼센트,일반립펜슬06로즈베이지,240,221,219,2025-11-25 09:37:55
A20251125093755661613,liptint,하트퍼센트,일반립펜슬07드라이로즈,237,218,215,2025-11-25 09:37:55
A20251125093755333152,liptint,하트퍼센트,일반립펜슬07드라이로즈,237,218,215,2025-11-25 09:37:55
A20251125093755157932,liptint,하트퍼센트,일반립펜슬08클라우디모브,231,217,220,2025-11-25 09:37:55
A20251125093755671509,liptint,하트퍼센트,일반립펜슬08클라우디모브,231,217,220,2025-11-25 09:37:55
A20251125093755338753,liptint,하트퍼센트,일반립펜슬09코지브라운,230,218,213,2025-11-25 09:37:55
A20251125093755976772,liptint,하트퍼센트,일반립펜슬09코지브라운,230,218,213,2025-11-25 09:37:55
A20251125093755321832,liptint,하트퍼센트,일반립펜슬10클린베이지,248,239,231,2025-11-25 09:37:55
A20251125093755123171,liptint,하트퍼센트,일반립펜슬10클린베이지,248,239,231,2025-11-25 09:37:55
A20251125093755211122,liptint,하트퍼센트,일반립펜슬12카라멜베이지,239,223,216,2025-11-25 09:37:55
A20251125093755407290,liptint,하트퍼센트,일반립펜슬12카라멜베이지,239,223,216,2025-11-25 09:37:55
A20251125093755235488,liptint,하트퍼센트,일반립펜슬13베어립스,236,216,213,2025-11-25 09:37:55
A20251125093755181240,liptint,하트퍼센트,일반립펜슬13베어립스,236,216,213,2025-11-25 09:37:55
A20251125093755300972,liptint,하트퍼센트,일반립펜슬14캄핑크,244,225,230,2025-11-25 09:37:55
A20251125093755337547,liptint,하트퍼센트,일반립펜슬14캄핑크,244,225,230,2025-11-25 09:37:55
A20251125093755316436,liptint,하트퍼센트,일반립펜슬15모브립스,232,212,213,2025-11-25 09:37:55
A20251125093755281388,liptint,하트퍼센트,일반립펜슬15모브립스,232,212,213,2025-11-25 09:37:55
A20251125093755169417,liptint,하트퍼센트,일반립펜슬16브릭로즈,229,208,206,2025-11-25 09:37:55
A20251125093755245916,liptint,하트퍼센트,일반립펜슬16브릭로즈,229,208,206,2025-11-25 09:37:55
A20251125093755911587,liptint,하트퍼센트,일반립펜슬17토프베이지,231,224,218,2025-11-25 09:37:56
A20251125093755163276,liptint,하트퍼센트,일반립펜슬17토프베이지,231,224,218,2025-11-25 09:37:56
A20251125093756194096,liptint,하트퍼센트,일반립펜슬18피그로즈,71,53,49,2025-11-25 09:37:56
A20251125093756331574,liptint,하트퍼센트,일반립펜슬18피그로즈,71,53,49,2025-11-25 09:37:56
A20251125093756338398,liptint,하트퍼센트,일반립펜슬19더스티핑크,75,61,60,2025-11-25 09:37:56
A20251125093756307624,liptint,하트퍼센트,일반립펜슬19더스티핑크,75,61,60,2025-11-25 09:37:56
A20251125093756312080,liptint,하트퍼센트,일반립펜슬21로지립스,250,239,241,2025-11-25 09:37:56
A20251125093756168573,liptint,하트퍼센트,일반립펜슬21로지립스,250,239,241,2025-11-25 09:37:56
A20251125093756196869,liptint,하트퍼센트,일반립펜슬22살몬피치,249,237,233,2025-11-25 09:37:56
A20251125093756100131,liptint,하트퍼센트,일반립펜슬22살몬피치,249,237,233,2025-11-25 09:37:56
A20251125093756308637,liptint,하트퍼센트,일반립펜슬단품02크리미핑크,241,219,222,2025-11-25 09:37:56
A20251125093756269766,liptint,하트퍼센트,일반립펜슬단품02크리미핑크,241,219,222,2025-11-25 09:37:56
A20251125093756807055,liptint,하트퍼센트,일반립펜슬단품20살몬베이지,69,59,50,2025-11-25 09:37:56
A20251125093756259266,liptint,하트퍼센트,일반립펜슬단품20살몬베이지,69,59,50,2025-11-25 09:37:56
A20251125093756142309,liptint,하트퍼센트,01누디베이지,63,53,44,2025-11-25 09:37:56
A20251125093756176421,liptint,하트퍼센트,01누디베이지,63,53,44,2025-11-25 09:37:56
A20251125093756716984,liptint,하트퍼센트,02핑크무스,65,43,41,2025-11-25 09:37:56
A20251125093756799685,liptint,하트퍼센트,02핑크무스,65,43,41,2025-11-25 09:37:56
A20251125093756643294,liptint,하트퍼센트,03로즈코튼,24,18,17,2025-11-25 09:37:56
A20251125093756169342,liptint,하트퍼센트,03로즈코튼,24,18,17,2025-11-25 09:37:56
A20251125093756190285,liptint,하트퍼센트,04코지핑크,70,51,51,2025-11-25 09:37:56
A20251125093756266931,liptint,하트퍼센트,04코지핑크,70,51,51,2025-11-25 09:37:56
A20251125093756190529,liptint,힌스,01데자뷰,196,152,155,2025-11-25 09:37:56
A20251125093756186180,liptint,힌스,01데자뷰,196,152,155,2025-11-25 09:37:56
A20251125093756128450,liptint,힌스,02뉴실루엣,221,181,172,2025-11-25 09:37:56
A20251125093756216774,liptint,힌스,02뉴실루엣,221,181,172,2025-11-25 09:37:56
A20251125093756207203,liptint,힌스,03페이드아웃,211,174,175,2025-11-25 09:37:56
A20251125093756605749,liptint,힌스,03페이드아웃,211,174,175,2025-11-25 09:37:56
A20251125093756110929,liptint,힌스,04모멘터리,226,185,178,2025-11-25 09:37:56
A20251125093756157808,liptint,힌스,04모멘터리,226,185,178,2025-11-25 09:37:56
A20251125093756190702,liptint,힌스,05언리파인드,187,149,154,2025-11-25 09:37:56
A20251125093756261000,liptint,힌스,05언리파인드,187,149,154,2025-11-25 09:37:56
A20251125093756390210,liptint,힌스,베어에센셜,214,174,171,2025-11-25 09:37:56
A20251125093756189022,liptint,힌스,베어에센셜,214,174,171,2025-11-25 09:37:56
A20251125093756219788,liptint,힌스,시그니처미,207,151,151,2025-11-25 09:37:56
A20251125093756294852,liptint,힌스,시그니처미,207,151,151,2025-11-25 09:37:56
A20251125093756128726,liptint,힌스,어드레스,192,162,152,2025-11-25 09:37:56
A20251125093756138258,liptint,힌스,어드레스,192,162,152,2025-11-25 09:37:56
A20251125093756195522,liptint,힌스,얼루어,226,187,198,2025-11-25 09:37:56
A20251125093756267423,liptint,힌스,얼루어,226,187,198,2025-11-25 09:37:56
A20251125093756100255,liptint,힌스,인디케이트,206,168,170,2025-11-25 09:37:56
A20251125093756289395,liptint,힌스,인디케이트,206,168,170,2025-11-25 09:37:56
A20251125093756148968,liptint,3CE,OY단독더스키핑크쿨베스트,200,99,112,2025-11-25 09:37:56
A20251125093756249829,liptint,3CE,OY단독미드나잇콜가을웜추천,144,68,58,2025-11-25 09:37:56
A20251125093756118550,liptint,3CE,OY단독미드나잇콜가을웜추천,144,68,58,2025-11-25 09:37:56
A20251125093756591701,liptint,3CE,OY단독사일런트쿨베스트,161,22,67,2025-11-25 09:37:56
A20251125093756187759,liptint,3CE,OY단독사일런트쿨베스트,161,22,67,2025-11-25 09:37:56
A20251125093756108590,liptint,3CE,OY단독소프트스포큰웜추천,195,108,109,2025-11-25 09:37:56
A20251125093756177920,liptint,3CE,OY단독소프트스포큰웜추천,195,108,109,2025-11-25 09:37:56
A20251125093756238717,liptint,3CE,나이트토크쿨추천,181,94,99,2025-11-25 09:37:56
A20251125093756690859,liptint,3CE,나이트토크쿨추천,181,94,99,2025-11-25 09:37:56
A20251125093756242865,liptint,3CE,다키스트아워가을웜추천,136,52,57,2025-11-25 09:37:56
A20251125093756202186,liptint,3CE,다키스트아워가을웜추천,136,52,57,2025-11-25 09:37:56
A20251125093756126714,liptint,3CE,다포딜웜베스트,164,47,57,2025-11-25 09:37:56
A20251125093756846970,liptint,3CE,다포딜웜베스트,164,47,57,2025-11-25 09:37:56
A20251125093756670339,liptint,3CE,더블윈드쿨추천,169,53,62,2025-11-25 09:37:56
A20251125093756309409,liptint,3CE,더블윈드쿨추천,169,53,62,2025-11-25 09:37:56
A20251125093756657784,liptint,3CE,디어마치뉴트럴추천,188,104,95,2025-11-25 09:37:56
A20251125093756103102,liptint,3CE,디어마치뉴트럴추천,188,104,95,2025-11-25 09:37:56
A20251125093756465986,liptint,3CE,레이다운웜베스트,190,94,78,2025-11-25 09:37:56
A20251125093756835573,liptint,3CE,레이다운웜베스트,190,94,78,2025-11-25 09:37:56
A20251125093756319709,liptint,3CE,모어피치웜추천,227,134,95,2025-11-25 09:37:56
A20251125093756618162,liptint,3CE,모어피치웜추천,227,134,95,2025-11-25 09:37:56
A20251125093756338814,liptint,3CE,베스트에버여름쿨추천,217,4,64,2025-11-25 09:37:56
A20251125093756314100,liptint,3CE,베스트에버여름쿨추천,217,4,64,2025-11-25 09:37:56
A20251125093756312632,liptint,3CE,베이크베이지웜추천,192,93,68,2025-11-25 09:37:56
A20251125093756213238,liptint,3CE,베이크베이지웜추천,192,93,68,2025-11-25 09:37:56
A20251125093756339924,liptint,3CE,세피아웜추천,181,60,57,2025-11-25 09:37:56
A20251125093756791261,liptint,3CE,세피아웜추천,181,60,57,2025-11-25 09:37:56
A20251125093756106250,liptint,3CE,셀프메이드뉴트럴추천,156,87,83,2025-11-25 09:37:56
A20251125093756118920,liptint,3CE,셀프메이드뉴트럴추천,156,87,83,2025-11-25 09:37:56
A20251125093756155292,liptint,3CE,스파이스드라떼가을웜추천,167,84,85,2025-11-25 09:37:56
A20251125093756382223,liptint,3CE,스팟플레이어쿨추천,222,49,66,2025-11-25 09:37:56
A20251125093756147787,liptint,3CE,스팟플레이어쿨추천,222,49,66,2025-11-25 09:37:56
A20251125093756150428,liptint,3CE,스피크업뉴트럴추천,158,39,60,2025-11-25 09:37:56
A20251125093756197079,liptint,3CE,스피크업뉴트럴추천,158,39,60,2025-11-25 09:37:56
A20251125093756101334,liptint,3CE,얼리아워쿨추천,191,90,83,2025-11-25 09:37:56
A20251125093756284252,liptint,3CE,얼리아워쿨추천,191,90,83,2025-11-25 09:37:56
A20251125093756153719,liptint,3CE,웜스웜추천,211,119,100,2025-11-25 09:37:56
A20251125093756320090,liptint,3CE,웜스웜추천,211,119,100,2025-11-25 09:37:56
A20251125093756214755,liptint,3CE,인더나우쿨추천,207,102,93,2025-11-25 09:37:56
A20251125093756137124,liptint,3CE,인더나우쿨추천,207,102,93,2025-11-25 09:37:56
A20251125093756133948,liptint,3CE,차일드라이크봄웜추천,227,57,35,2025-11-25 09:37:56
A20251125093756433734,liptint,3CE,차일드라이크봄웜추천,227,57,35,2025-11-25 09:37:56
A20251125093756579126,liptint,3CE,체이싱로즈웜추천,209,99,94,2025-11-25 09:37:56
A20251125093756329279,liptint,3CE,체이싱로즈웜추천,209,99,94,2025-11-25 09:37:56
A20251125093756258434,liptint,3CE,캐시미어누드쿨베스트,188,95,115,2025-11-25 09:37:56
A20251125093756223729,liptint,3CE,캐시미어누드쿨베스트,188,95,115,2025-11-25 09:37:56
A20251125093756317573,liptint,3CE,캐주얼어페어웜추천,192,66,70,2025-11-25 09:37:56
A20251125093756995945,liptint,3CE,캐주얼어페어웜추천,192,66,70,2025-11-25 09:37:56
A20251125093756663145,liptint,3CE,코랄문봄웜추천,216,78,69,2025-11-25 09:37:56
A20251125093756384697,liptint,3CE,코랄문봄웜추천,216,78,69,2025-11-25 09:37:56
A20251125093756284758,liptint,3CE,탱이피버틴티드썸머에디션,240,103,74,2025-11-25 09:37:56
A20251125093756332562,liptint,3CE,탱이피버틴티드썸머에디션,240,103,74,2025-11-25 09:37:56
A20251125093756209521,liptint,3CE,토프가을웜추천,137,66,60,2025-11-25 09:37:56
A20251125093756114703,liptint,3CE,토프가을웜추천,137,66,60,2025-11-25 09:37:56
A20251125093756212998,liptint,3CE,퍼스트레터뉴트럴추천,211,91,76,2025-11-25 09:37:56
A20251125093756103703,liptint,3CE,퍼스트레터뉴트럴추천,211,91,76,2025-11-25 09:37:56
A20251125093756132957,liptint,3CE,플레이오프뉴트럴추천,216,36,36,2025-11-25 09:37:56
A20251125093756758090,liptint,3CE,플레이오프뉴트럴추천,216,36,36,2025-11-25 09:37:56
A20251125093756466166,liptint,3CE,피그타치오봄웜추천,198,105,102,2025-11-25 09:37:56
A20251125093756382654,liptint,3CE,피그타치오봄웜추천,198,105,102,2025-11-25 09:37:56
A20251125093756299633,liptint,3CE,핑크구아바쿨베스트,214,72,77,2025-11-25 09:37:56
A20251125093756148980,liptint,3CE,핑크구아바쿨베스트,214,72,77,2025-11-25 09:37:57
A20251125093756307510,liptint,3CE,히티드봄웜추천,173,81,87,2025-11-25 09:37:57
A20251125093757108368,liptint,3CE,히티드봄웜추천,173,81,87,2025-11-25 09:37:57
A20251125093757198515,liptint,네이밍,NEW베어BEAR,161,87,91,2025-11-25 09:37:57
A20251125093757286319,liptint,네이밍,NEW베어BEAR,161,87,91,2025-11-25 09:37:57
A20251125093757291668,liptint,네이밍,NEW솔SOL,143,63,61,2025-11-25 09:37:57
A20251125093757185861,liptint,네이밍,NEW솔SOL,143,63,61,2025-11-25 09:37:57
A20251125093757226485,liptint,네이밍,NEW테디TEDDY,168,92,97,2025-11-25 09:37:57
A20251125093757442205,liptint,네이밍,NEW테디TEDDY,168,92,97,2025-11-25 09:37:57
A20251125093757219505,liptint,네이밍,NEW테이스티TASTY,171,65,75,2025-11-25 09:37:57
A20251125093757206545,liptint,네이밍,NEW테이스티TASTY,171,65,75,2025-11-25 09:37:57
A20251125093757211308,liptint,네이밍,누디NUDI,220,180,146,2025-11-25 09:37:57
A20251125093757184238,liptint,네이밍,누디NUDI,220,180,146,2025-11-25 09:37:57
A20251125093757129911,liptint,네이밍,던더DONDER,196,106,133,2025-11-25 09:37:57
A20251125093757220573,liptint,네이밍,던더DONDER,196,106,133,2025-11-25 09:37:57
A20251125093757874169,liptint,네이밍,데니아DENIA,221,163,153,2025-11-25 09:37:57
A20251125093757190722,liptint,네이밍,데니아DENIA,221,163,153,2025-11-25 09:37:57
A20251125093757272537,liptint,네이밍,드모르DMORE,157,78,81,2025-11-25 09:37:57
A20251125093757710132,liptint,네이밍,드모르DMORE,157,78,81,2025-11-25 09:37:57
A20251125093757921421,liptint,네이밍,록스ROX,116,38,42,2025-11-25 09:37:57
A20251125093757184475,liptint,네이밍,록스ROX,116,38,42,2025-11-25 09:37:57
A20251125093757688771,liptint,네이밍,번트BURNT,142,96,90,2025-11-25 09:37:57
A20251125093757305019,liptint,네이밍,번트BURNT,142,96,90,2025-11-25 09:37:57
A20251125093757372137,liptint,네이밍,베이BEI,206,166,163,2025-11-25 09:37:57
A20251125093757162534,liptint,네이밍,베이BEI,206,166,163,2025-11-25 09:37:57
A20251125093757133266,liptint,네이밍,블러쉬BLUSH,202,153,158,2025-11-25 09:37:57
A20251125093757981086,liptint,네이밍,블러쉬BLUSH,202,153,158,2025-11-25 09:37:57
A20251125093757267857,liptint,네이밍,세피아SEPIA,116,75,77,2025-11-25 09:37:57
A20251125093757299143,liptint,네이밍,세피아SEPIA,116,75,77,2025-11-25 09:37:57
A20251125093757899279,liptint,네이밍,슬레이트SLATE,115,26,59,2025-11-25 09:37:57
A20251125093757309738,liptint,네이밍,슬레이트SLATE,115,26,59,2025-11-25 09:37:57
A20251125093757192366,liptint,네이밍,시엔나SIENNA,164,109,113,2025-11-25 09:37:57
A20251125093757228869,liptint,네이밍,시엔나SIENNA,164,109,113,2025-11-25 09:37:57
A20251125093757113021,liptint,네이밍,에트나ETNA,190,57,68,2025-11-25 09:37:57
A20251125093757143723,liptint,네이밍,에트나ETNA,190,57,68,2025-11-25 09:37:57
A20251125093757116945,liptint,네이밍,오브디OVEDI,177,82,85,2025-11-25 09:37:57
A20251125093757507324,liptint,네이밍,오브디OVEDI,177,82,85,2025-11-25 09:37:57
A20251125093757316942,liptint,네이밍,오브디OVEDI,167,108,103,2025-11-25 09:37:57
A20251125093757253545,liptint,네이밍,오브디OVEDI,167,108,103,2025-11-25 09:37:57
A20251125093757443533,liptint,네이밍,오일러OILER,122,42,39,2025-11-25 09:37:57
A20251125093757116066,liptint,네이밍,오일러OILER,122,42,39,2025-11-25 09:37:57
A20251125093757483340,liptint,네이밍,오피아OPIA,187,45,74,2025-11-25 09:37:57
A20251125093757308979,liptint,네이밍,오피아OPIA,187,45,74,2025-11-25 09:37:57
A20251125093757270040,liptint,네이밍,워니WANNY,205,101,88,2025-11-25 09:37:57
A20251125093757128742,liptint,네이밍,워니WANNY,205,101,88,2025-11-25 09:37:57
A20251125093757100512,liptint,네이밍,이테일EYTAIL,187,99,119,2025-11-25 09:37:57
A20251125093757381256,liptint,네이밍,이테일EYTAIL,187,99,119,2025-11-25 09:37:57
A20251125093757169102,liptint,네이밍,인센디오INCENDIO,194,89,103,2025-11-25 09:37:57
A20251125093757278730,liptint,네이밍,인센디오INCENDIO,194,89,103,2025-11-25 09:37:57
A20251125093757286634,liptint,네이밍,카프CAPH,189,63,65,2025-11-25 09:37:57
A20251125093757228997,liptint,네이밍,카프CAPH,189,63,65,2025-11-25 09:37:57

A20251125093757210184,liptint,네이밍,튜린TURIN,158,36,73,2025-11-25 09:37:57
A20251125093757262454,liptint,네이밍,페러데이FERADAY,174,84,76,2025-11-25 09:37:57
A20251125093757308715,liptint,네이밍,페러데이FERADAY,174,84,76,2025-11-25 09:37:57
A20251125093757448113,liptint,네이밍,페르소나PERSONA,193,58,73,2025-11-25 09:37:57
A20251125093757637852,liptint,네이밍,프리실라PRICILLA,187,43,71,2025-11-25 09:37:57
A20251125093757312712,liptint,네이밍,페르소나PERSONA,193,58,73,2025-11-25 09:37:57
A20251125093757337559,liptint,네이밍,핀PIN,139,32,41,2025-11-25 09:37:57
A20251125093757234300,liptint,네이밍,프리실라PRICILLA,187,43,71,2025-11-25 09:37:57
A20251125093757320833,liptint,네이밍,핀PIN,139,32,41,2025-11-25 09:37:57
A20251125093757188698,liptint,네이밍,하운드HOUND,120,60,74,2025-11-25 09:37:57
A20251125093757262594,liptint,네이밍,하운드HOUND,120,60,74,2025-11-25 09:37:57
A20251125093757155344,liptint,네이밍,헤이HEI,196,82,89,2025-11-25 09:37:57
A20251125093757202905,liptint,네이밍,헤이HEI,196,82,89,2025-11-25 09:37:57
A20251125093757174675,liptint,네이밍,히어리HEARLY,163,84,104,2025-11-25 09:37:57
A20251125093757353594,liptint,네이밍,히어리HEARLY,163,84,104,2025-11-25 09:37:57
A20251125093757622813,liptint,라카,NEW131크림차,222,139,120,2025-11-25 09:37:57
A20251125093757153861,liptint,라카,NEW133썸머,200,126,146,2025-11-25 09:37:57
A20251125093757919441,liptint,라카,NEW131크림차,222,139,120,2025-11-25 09:37:57
A20251125093757367591,liptint,라카,NEW135히피,220,112,132,2025-11-25 09:37:57
A20251125093757277636,liptint,라카,NEW133썸머,200,126,146,2025-11-25 09:37:57
A20251125093757253813,liptint,라카,NEW136우롱,207,136,133,2025-11-25 09:37:57
A20251125093757992213,liptint,라카,NEW135히피,220,112,132,2025-11-25 09:37:57
A20251125093757170485,liptint,라카,NEW137브리즈,197,121,143,2025-11-25 09:37:57
A20251125093757139365,liptint,라카,NEW136우롱,207,136,133,2025-11-25 09:37:57
A20251125093757298376,liptint,라카,NEW138파르페,204,112,97,2025-11-25 09:37:57
A20251125093757866852,liptint,라카,NEW137브리즈,197,121,143,2025-11-25 09:37:57
A20251125093757187801,liptint,라카,NEW140스쿱,167,96,86,2025-11-25 09:37:57
A20251125093757238592,liptint,라카,NEW138파르페,204,112,97,2025-11-25 09:37:57
A20251125093757226710,liptint,라카,NEW141콩포트,163,109,109,2025-11-25 09:37:57
A20251125093757521896,liptint,라카,NEW140스쿱,167,96,86,2025-11-25 09:37:57
A20251125093757578683,liptint,라카,NEW142토피,164,112,103,2025-11-25 09:37:57
A20251125093757134100,liptint,라카,NEW141콩포트,163,109,109,2025-11-25 09:37:57
A20251125093757431746,liptint,라카,NEW143브륄레,166,106,106,2025-11-25 09:37:57
A20251125093757178517,liptint,라카,NEW142토피,164,112,103,2025-11-25 09:37:57
A20251125093757371069,liptint,라카,NEW144피스타치오,151,110,95,2025-11-25 09:37:57
A20251125093757266326,liptint,라카,NEW143브륄레,166,106,106,2025-11-25 09:37:57
A20251125093757158086,liptint,라카,NEW145구아바,180,103,109,2025-11-25 09:37:58
A20251125093757720392,liptint,라카,NEW144피스타치오,151,110,95,2025-11-25 09:37:58
A20251125093758207653,liptint,라카,NEW147커런트,178,89,116,2025-11-25 09:37:58
A20251125093758907584,liptint,라카,NEW145구아바,180,103,109,2025-11-25 09:37:58
A20251125093758982842,liptint,라카,NEW149빈즈,150,81,83,2025-11-25 09:37:58
A20251125093758228309,liptint,라카,NEW147커런트,178,89,116,2025-11-25 09:37:58
A20251125093758276387,liptint,라카,NEW150페퍼,171,82,77,2025-11-25 09:37:58
A20251125093758117097,liptint,라카,NEW149빈즈,150,81,83,2025-11-25 09:37:58
A20251125093758163588,liptint,라카,NEW웜톤추천132롤리,224,133,132,2025-11-25 09:37:58
A20251125093758151258,liptint,라카,NEW150페퍼,171,82,77,2025-11-25 09:37:58
A20251125093758761677,liptint,라카,NEW웜톤추천146카야딜,165,96,105,2025-11-25 09:37:58
A20251125093758190411,liptint,라카,NEW웜톤추천132롤리,224,133,132,2025-11-25 09:37:58
A20251125093758162572,liptint,라카,NEW쿨톤추천134피치스,216,124,144,2025-11-25 09:37:58
A20251125093758318432,liptint,라카,NEW웜톤추천146카야딜,165,96,105,2025-11-25 09:37:58
A20251125093758596409,liptint,라카,NEW쿨톤추천139치팅,217,115,138,2025-11-25 09:37:58
A20251125093758278440,liptint,라카,NEW쿨톤추천134피치스,216,124,144,2025-11-25 09:37:58
A20251125093758238177,liptint,라카,NEW쿨톤추천148아사이,151,82,98,2025-11-25 09:37:58
A20251125093758838397,liptint,라카,NEW쿨톤추천139치팅,217,115,138,2025-11-25 09:37:58
A20251125093758102848,liptint,라카,웜톤베스트101조이풀,234,153,157,2025-11-25 09:37:58
A20251125093758237237,liptint,라카,NEW쿨톤추천148아사이,151,82,98,2025-11-25 09:37:58
A20251125093758676385,liptint,라카,웜톤베스트120카페인로즈,157,104,106,2025-11-25 09:37:58
A20251125093758157987,liptint,라카,웜톤베스트101조이풀,234,153,157,2025-11-25 09:37:58
A20251125093758226248,liptint,라카,쿨톤베스트115엔비,168,104,117,2025-11-25 09:37:58
A20251125093758201497,liptint,라카,웜톤베스트120카페인로즈,157,104,106,2025-11-25 09:37:58
A20251125093758756361,liptint,라카,쿨톤베스트116캔디드,209,107,120,2025-11-25 09:37:58
A20251125093758326270,liptint,라카,쿨톤베스트115엔비,168,104,117,2025-11-25 09:37:58
A20251125093758521013,liptint,라카,쿨톤베스트123언스윗베리,142,112,122,2025-11-25 09:37:58
A20251125093758304303,liptint,라카,쿨톤베스트116캔디드,209,107,120,2025-11-25 09:37:58
A20251125093758439008,liptint,라카,102듀이,198,142,156,2025-11-25 09:37:58
A20251125093758141599,liptint,라카,쿨톤베스트123언스윗베리,142,112,122,2025-11-25 09:37:58
A20251125093758284198,liptint,라카,103허밍,222,156,160,2025-11-25 09:37:58
A20251125093758219266,liptint,라카,102듀이,198,142,156,2025-11-25 09:37:58
A20251125093758134645,liptint,라카,103허밍,222,156,160,2025-11-25 09:37:58
A20251125093758294435,liptint,라카,104체리,198,114,119,2025-11-25 09:37:58
A20251125093758109186,liptint,라카,104체리,198,114,119,2025-11-25 09:37:58
A20251125093758469977,liptint,라카,105콜드,237,145,177,2025-11-25 09:37:58
A20251125093758320297,liptint,라카,106쥬이시,227,133,160,2025-11-25 09:37:58
A20251125093758250576,liptint,라카,106쥬이시,227,133,160,2025-11-25 09:37:58
A20251125093758302117,liptint,라카,107슈가,216,158,146,2025-11-25 09:37:58
A20251125093758226366,liptint,라카,107슈가,216,158,146,2025-11-25 09:37:58
A20251125093758311489,liptint,라카,108솔티,196,142,134,2025-11-25 09:37:58
A20251125093758303200,liptint,라카,109프레쉬,237,150,158,2025-11-25 09:37:58
A20251125093758302559,liptint,라카,108솔티,196,142,134,2025-11-25 09:37:58
A20251125093758140379,liptint,라카,109프레쉬,237,150,158,2025-11-25 09:37:58
A20251125093758201100,liptint,라카,110소다,240,160,197,2025-11-25 09:37:58
A20251125093758126135,liptint,라카,111멜로우,220,155,166,2025-11-25 09:37:58
A20251125093758289013,liptint,라카,110소다,240,160,197,2025-11-25 09:37:58
A20251125093758249630,liptint,라카,112핑퐁,240,155,186,2025-11-25 09:37:58
A20251125093758122280,liptint,라카,111멜로우,220,155,166,2025-11-25 09:37:58
A20251125093758196988,liptint,라카,112핑퐁,240,155,186,2025-11-25 09:37:58
A20251125093758644001,liptint,라카,113플레저,222,149,167,2025-11-25 09:37:58
A20251125093758131735,liptint,라카,114하모니,211,140,133,2025-11-25 09:37:58
A20251125093758333009,liptint,라카,113플레저,222,149,167,2025-11-25 09:37:58
A20251125093758917036,liptint,라카,117제타,198,139,130,2025-11-25 09:37:58
A20251125093758148994,liptint,라카,114하모니,211,140,133,2025-11-25 09:37:58
A20251125093758115948,liptint,라카,117제타,198,139,130,2025-11-25 09:37:58
8
A20251125093758301751,liptint,라카,118어도어,234,140,165,2025-11-25 09:37:58
A20251125093758810474,liptint,라카,119드리밍,254,158,181,2025-11-25 09:37:58
A20251125093758131271,liptint,라카,121애쉬넛,168,139,135,2025-11-25 09:37:58
A20251125093758244733,liptint,라카,121애쉬넛,168,139,135,2025-11-25 09:37:58
A20251125093758282224,liptint,라카,122로지로즈,209,147,154,2025-11-25 09:37:58
A20251125093758137703,liptint,라카,122로지로즈,209,147,154,2025-11-25 09:37:58
A20251125093758764019,liptint,라카,124마로,217,166,172,2025-11-25 09:37:58
A20251125093758940476,liptint,라카,124마로,217,166,172,2025-11-25 09:37:58
A20251125093758336276,liptint,라카,125망고,231,170,160,2025-11-25 09:37:58
A20251125093758279930,liptint,라카,125망고,231,170,160,2025-11-25 09:37:58
A20251125093758310406,liptint,라카,126루시,244,179,179,2025-11-25 09:37:58
A20251125093758124047,liptint,라카,126루시,244,179,179,2025-11-25 09:37:58
A20251125093758310465,liptint,라카,127로제,204,129,144,2025-11-25 09:37:58
A20251125093758105107,liptint,라카,127로제,204,129,144,2025-11-25 09:37:58
A20251125093758281042,liptint,라카,128라이크,197,131,142,2025-11-25 09:37:58
A20251125093758250279,liptint,라카,128라이크,197,131,142,2025-11-25 09:37:58
A20251125093758118352,liptint,라카,129마로니,194,148,149,2025-11-25 09:37:58
A20251125093758100503,liptint,라카,129마로니,194,148,149,2025-11-25 09:37:58
A20251125093758321350,liptint,라카,130포그베리,181,125,145,2025-11-25 09:37:58
A20251125093758214625,liptint,라카,130포그베리,181,125,145,2025-11-25 09:37:58
A20251125093758269496,liptint,롬앤,올리브영단독01포멜로스킨,194,121,101,2025-11-25 09:37:58
A20251125093758280281,liptint,롬앤,올리브영단독01포멜로스킨,194,121,101,2025-11-25 09:37:58
A20251125093758980475,liptint,롬앤,올리브영단독02누카다미아,174,99,90,2025-11-25 09:37:59
A20251125093758227075,liptint,롬앤,올리브영단독02누카다미아,174,99,90,2025-11-25 09:37:59
A20251125093759320448,liptint,롬앤,올리브영단독06필링앵두,138,41,48,2025-11-25 09:37:59
A20251125093759232659,liptint,롬앤,올리브영단독06필링앵두,138,41,48,2025-11-25 09:37:59
A20251125093759312199,liptint,롬앤,올리브영단독23피치피치미,224,123,137,2025-11-25 09:37:59
A20251125093759203817,liptint,롬앤,올리브영단독23피치피치미,224,123,137,2025-11-25 09:37:59
A20251125093759111972,liptint,롬앤,올리브영단독단품29조선무화과,231,137,129,2025-11-25 09:37:59
A20251125093759292001,liptint,롬앤,올리브영단독단품29조선무화과,231,137,129,2025-11-25 09:37:59
A20251125093759161760,liptint,롬앤,올리브영단독단품03베어그레이프,188,111,118,2025-11-25 09:37:59
A20251125093759298385,liptint,롬앤,올리브영단독단품03베어그레이프,188,111,118,2025-11-25 09:37:59
A20251125093759924087,liptint,롬앤,이나피17피치다운,190,107,100,2025-11-25 09:37:59
A20251125093759693495,liptint,롬앤,이나피17피치다운,190,107,100,2025-11-25 09:37:59
A20251125093759188114,liptint,롬앤,조앤프렌즈단품02로지엔탈,180,79,79,2025-11-25 09:37:59
A20251125093759281388,liptint,롬앤,조앤프렌즈단품02로지엔탈,180,79,79,2025-11-25 09:37:59
A20251125093759827684,liptint,롬앤,조앤프렌즈단품07쿨로즈업,167,71,83,2025-11-25 09:37:59
A20251125093759506659,liptint,롬앤,조앤프렌즈단품07쿨로즈업,167,71,83,2025-11-25 09:37:59
A20251125093759336771,liptint,롬앤,조앤프렌즈단품37구아바데이지,184,113,112,2025-11-25 09:37:59
A20251125093759333498,liptint,롬앤,조앤프렌즈단품37구아바데이지,184,113,112,2025-11-25 09:37:59
A20251125093759230934,liptint,롬앤,조앤프렌즈단품38클라우디베리,147,147,150,2025-11-25 09:37:59
A20251125093759204623,liptint,롬앤,조앤프렌즈단품38클라우디베리,147,147,150,2025-11-25 09:37:59
A20251125093759557289,liptint,롬앤,태닝포차코31탠드코코,158,120,105,2025-11-25 09:37:59
A20251125093759190053,liptint,롬앤,태닝포차코31탠드코코,158,120,105,2025-11-25 09:37:59
A20251125093759168584,liptint,롬앤,태닝포차코33알로하쥬시,212,104,104,2025-11-25 09:37:59
A20251125093759128603,liptint,롬앤,태닝포차코33알로하쥬시,212,104,104,2025-11-25 09:37:59
A20251125093759117739,liptint,롬앤,01포멜로코,190,92,80,2025-11-25 09:37:59
A20251125093759252262,liptint,롬앤,01포멜로코,190,92,80,2025-11-25 09:37:59
A20251125093759108045,liptint,롬앤,02로지엔탈,173,76,76,2025-11-25 09:37:59
A20251125093759109530,liptint,롬앤,02로지엔탈,173,76,76,2025-11-25 09:37:59
A20251125093759172189,liptint,롬앤,03머스키,135,56,50,2025-11-25 09:37:59
A20251125093759332664,liptint,롬앤,03머스키,135,56,50,2025-11-25 09:37:59
A20251125093759276248,liptint,롬앤,04라드우드,111,58,54,2025-11-25 09:37:59
A20251125093759300202,liptint,롬앤,04라드우드,111,58,54,2025-11-25 09:37:59
A20251125093759829477,liptint,롬앤,04피그피그,165,78,93,2025-11-25 09:37:59
A20251125093759261047,liptint,롬앤,04피그피그,165,78,93,2025-11-25 09:37:59
A20251125093759113385,liptint,롬앤,05비비캔디,211,74,109,2025-11-25 09:37:59
A20251125093759930821,liptint,롬앤,05비비캔디,211,74,109,2025-11-25 09:37:59
A20251125093759618110,liptint,롬앤,05쥬쥬브,190,83,82,2025-11-25 09:37:59
A20251125093759189329,liptint,롬앤,05쥬쥬브,190,83,82,2025-11-25 09:37:59
A20251125093759512812,liptint,롬앤,06모비쉬,170,88,100,2025-11-25 09:37:59
A20251125093759141446,liptint,롬앤,06모비쉬,170,88,100,2025-11-25 09:37:59
A20251125093759130867,liptint,롬앤,07체리밤,143,26,41,2025-11-25 09:37:59
A20251125093759309020,liptint,롬앤,07체리밤,143,26,41,2025-11-25 09:37:59
A20251125093759240867,liptint,롬앤,08커런트잼,146,60,69,2025-11-25 09:37:59
A20251125093759389600,liptint,롬앤,08커런트잼,146,60,69,2025-11-25 09:37:59
A20251125093759187620,liptint,롬앤,08핑크펌킨,207,88,88,2025-11-25 09:37:59
A20251125093759171210,liptint,롬앤,08핑크펌킨,207,88,88,2025-11-25 09:37:59
A20251125093759158521,liptint,롬앤,09멀드피치,183,100,85,2025-11-25 09:37:59
A20251125093759269644,liptint,롬앤,09멀드피치,183,100,85,2025-11-25 09:37:59
A20251125093759133430,liptint,롬앤,09코랄쥬빌레,237,74,81,2025-11-25 09:37:59
A20251125093759887710,liptint,롬앤,09코랄쥬빌레,237,74,81,2025-11-25 09:37:59
A20251125093759133804,liptint,롬앤,10베어애프리콧,236,110,113,2025-11-25 09:37:59
A20251125093759303581,liptint,롬앤,10베어애프리콧,236,110,113,2025-11-25 09:37:59
A20251125093759135093,liptint,롬앤,10퍼지레드,228,62,72,2025-11-25 09:37:59
A20251125093759172121,liptint,롬앤,10퍼지레드,228,62,72,2025-11-25 09:37:59
A20251125093759117044,liptint,롬앤,11파파야잼,210,90,77,2025-11-25 09:37:59
A20251125093759291054,liptint,롬앤,11파파야잼,210,90,77,2025-11-25 09:37:59
A20251125093759166110,liptint,롬앤,11푸시아바이브,228,59,82,2025-11-25 09:37:59
A20251125093759219018,liptint,롬앤,11푸시아바이브,228,59,82,2025-11-25 09:37:59
A20251125093759707418,liptint,롬앤,12애플브라운,211,102,76,2025-11-25 09:37:59
A20251125093759315731,liptint,롬앤,12애플브라운,211,102,76,2025-11-25 09:37:59
A20251125093759310926,liptint,롬앤,12웜밍업,219,127,106,2025-11-25 09:37:59
A20251125093759472762,liptint,롬앤,12웜밍업,219,127,106,2025-11-25 09:37:59
A20251125093759261507,liptint,롬앤,13잇도토리,155,64,46,2025-11-25 09:37:59
A20251125093759203691,liptint,롬앤,13잇도토리,155,64,46,2025-11-25 09:37:59
A20251125093759286887,liptint,롬앤,13쿨링업,230,119,132,2025-11-25 09:37:59
A20251125093759876117,liptint,롬앤,13쿨링업,230,119,132,2025-11-25 09:37:59
A20251125093759116274,liptint,롬앤,14아몬드로즈,175,95,90,2025-11-25 09:37:59
A20251125093759236091,liptint,롬앤,14아몬드로즈,175,95,90,2025-11-25 09:37:59
A20251125093759809659,liptint,롬앤,14언로즈,242,94,105,2025-11-25 09:37:59
A20251125093759237347,liptint,롬앤,14언로즈,242,94,105,2025-11-25 09:37:59
A20251125093759277051,liptint,롬앤,15베리피즈,243,100,128,2025-11-25 09:37:59
A20251125093759220577,liptint,롬앤,15베리피즈,243,100,128,2025-11-25 09:37:59
A20251125093759201451,liptint,롬앤,15베어피그,189,102,122,2025-11-25 09:37:59
A20251125093759190153,liptint,롬앤,15베어피그,189,102,122,2025-11-25 09:37:59
A20251125093759113483,liptint,롬앤,16플럼콕,127,34,45,2025-11-25 09:37:59
A20251125093759110327,liptint,롬앤,16플럼콕,127,34,45,2025-11-25 09:37:59
A20251125093759221898,liptint,롬앤,17다크코코넛,160,80,64,2025-11-25 09:37:59
A20251125093759822399,liptint,롬앤,17다크코코넛,160,80,64,2025-11-25 09:37:59
A20251125093759163652,liptint,롬앤,19썸머센트,227,47,53,2025-11-25 09:37:59
A20251125093759734769,liptint,롬앤,19썸머센트,227,47,53,2025-11-25 09:37:59
A20251125093759270896,liptint,롬앤,20쥬쥬피그,168,77,88,2025-11-25 09:37:59
A20251125093759357464,liptint,롬앤,20쥬쥬피그,168,77,88,2025-11-25 09:37:59
A20251125093759525836,liptint,롬앤,21그레이프밤,178,58,99,2025-11-25 09:37:59
A20251125093759125732,liptint,롬앤,21그레이프밤,178,58,99,2025-11-25 09:37:59
A20251125093759833097,liptint,롬앤,22도토리밤,135,33,35,2025-11-25 09:37:59
A20251125093759307176,liptint,롬앤,22도토리밤,135,33,35,2025-11-25 09:37:59
A20251125093759273743,liptint,롬앤,24베어쥬시오,231,124,84,2025-11-25 09:37:59
A20251125093759339086,liptint,롬앤,24베어쥬시오,231,124,84,2025-11-25 09:37:59
A20251125093759597808,liptint,롬앤,26신비복숭아,234,100,102,2025-11-25 09:37:59
A20251125093759216743,liptint,롬앤,26신비복숭아,234,100,102,2025-11-25 09:37:59
A20251125093759332952,liptint,롬앤,27허니듀멜론,242,164,146,2025-11-25 09:37:59
A20251125093759166416,liptint,롬앤,27허니듀멜론,242,164,146,2025-11-25 09:37:59
A20251125093759890728,liptint,롬앤,28설화딸기,242,159,175,2025-11-25 09:37:59
A20251125093759223306,liptint,롬앤,28설화딸기,242,159,175,2025-11-25 09:37:59
A20251125093759862152,liptint,롬앤,30보늬밤,193,126,107,2025-11-25 09:37:59
A20251125093759218156,liptint,롬앤,30보늬밤,193,126,107,2025-11-25 09:37:59
A20251125093759194417,liptint,롬앤,31탠드코코,158,120,105,2025-11-25 09:37:59
A20251125093759161887,liptint,롬앤,31탠드코코,158,120,105,2025-11-25 09:37:59
A20251125093759179416,liptint,롬앤,32태니구아바,177,114,112,2025-11-25 09:37:59
A20251125093759259708,liptint,롬앤,33알로하쥬시,212,104,104,2025-11-25 09:37:59
A20251125093759284659,liptint,릴리바이레드,01바닐라빈크림인척,241,154,147,2025-11-25 09:38:00
A20251125093759215629,liptint,릴리바이레드,01바닐라빈크림인척,241,154,147,2025-11-25 09:38:00
A20251125093800270612,liptint,릴리바이레드,02로즈커스터드인척,235,162,172,2025-11-25 09:38:00
A20251125093800316013,liptint,릴리바이레드,02로즈커스터드인척,235,162,172,2025-11-25 09:38:00
A20251125093800163779,liptint,릴리바이레드,03딸기베이비슈인척,234,160,193,2025-11-25 09:38:00
A20251125093800323926,liptint,릴리바이레드,03딸기베이비슈인척,234,160,193,2025-11-25 09:38:00
A20251125093800126845,liptint,릴리바이레드,04복숭아푸딩인척,252,134,130,2025-11-25 09:38:00
A20251125093800315306,liptint,릴리바이레드,04복숭아푸딩인척,252,134,130,2025-11-25 09:38:00
A20251125093800335477,liptint,릴리바이레드,05꿀자몽크레페인척,252,155,165,2025-11-25 09:38:00
A20251125093800591665,liptint,릴리바이레드,05꿀자몽크레페인척,252,155,165,2025-11-25 09:38:00
A20251125093800874048,liptint,릴리바이레드,06생체리토핑인척,243,95,150,2025-11-25 09:38:00
A20251125093800211739,liptint,릴리바이레드,06생체리토핑인척,243,95,150,2025-11-25 09:38:00
A20251125093800515082,liptint,릴리바이레드,07믹스베리수플레인척,226,118,168,2025-11-25 09:38:00
A20251125093800290158,liptint,릴리바이레드,07믹스베리수플레인척,226,118,168,2025-11-25 09:38:00
A20251125093800993519,liptint,릴리바이레드,08카야버터인척,225,141,133,2025-11-25 09:38:00
A20251125093800159338,liptint,릴리바이레드,08카야버터인척,225,141,133,2025-11-25 09:38:00
A20251125093800256765,liptint,릴리바이레드,09무화과토스트인척,196,110,102,2025-11-25 09:38:00
A20251125093800884700,liptint,릴리바이레드,10무화과요거트인척,222,142,154,2025-11-25 09:38:00
A20251125093800155454,liptint,릴리바이레드,09무화과토스트인척,196,110,102,2025-11-25 09:38:00
A20251125093800295595,liptint,릴리바이레드,10무화과요거트인척,222,142,154,2025-11-25 09:38:00
A20251125093800305483,liptint,릴리바이레드,11체리사과파르페인척,229,71,82,2025-11-25 09:38:00
A20251125093800748834,liptint,릴리바이레드,11체리사과파르페인척,229,71,82,2025-11-25 09:38:00
A20251125093800913502,liptint,릴리바이레드,12쁘띠사과쉬폰케익인척,209,83,77,2025-11-25 09:38:00
A20251125093800136345,liptint,릴리바이레드,12쁘띠사과쉬폰케익인척,209,83,77,2025-11-25 09:38:00
A20251125093800226045,liptint,릴리바이레드,13슈가레이스인척핑크클로젯,237,163,156,2025-11-25 09:38:00
A20251125093800765060,liptint,릴리바이레드,13슈가레이스인척핑크클로젯,237,163,156,2025-11-25 09:38:00
A20251125093800180067,liptint,릴리바이레드,14로지셔링인척핑크클로젯,231,150,166,2025-11-25 09:38:00
A20251125093800288539,liptint,릴리바이레드,14로지셔링인척핑크클로젯,231,150,166,2025-11-25 09:38:00
A20251125093800154238,liptint,삐아,NEW컬러13라떼당,220,206,201,2025-11-25 09:38:00
A20251125093800809877,liptint,삐아,NEW컬러13라떼당,220,206,201,2025-11-25 09:38:00
A20251125093800200836,liptint,삐아,NEW컬러14메이플당,223,203,199,2025-11-25 09:38:00
A20251125093800126683,liptint,삐아,NEW컬러14메이플당,223,203,199,2025-11-25 09:38:00
A20251125093800461399,liptint,삐아,01피치당,245,224,226,2025-11-25 09:38:00
A20251125093800249179,liptint,삐아,01피치당,245,224,226,2025-11-25 09:38:00
A20251125093800199628,liptint,삐아,02피그당,242,223,226,2025-11-25 09:38:00
A20251125093800187204,liptint,삐아,02피그당,242,223,226,2025-11-25 09:38:00
A20251125093800275678,liptint,삐아,03포도당,237,223,229,2025-11-25 09:38:00
A20251125093800641617,liptint,삐아,03포도당,237,223,229,2025-11-25 09:38:00
A20251125093800756364,liptint,삐아,04체리당,240,218,224,2025-11-25 09:38:00
A20251125093800336286,liptint,삐아,04체리당,240,218,224,2025-11-25 09:38:00
A20251125093800139524,liptint,삐아,05자몽당,242,221,221,2025-11-25 09:38:00
A20251125093800237923,liptint,삐아,06땅콩당,236,225,226,2025-11-25 09:38:00
A20251125093800291289,liptint,삐아,05자몽당,242,221,221,2025-11-25 09:38:00
A20251125093800230998,liptint,삐아,07호두당,233,223,223,2025-11-25 09:38:00
A20251125093800274756,liptint,삐아,06땅콩당,236,225,226,2025-11-25 09:38:00
A20251125093800454707,liptint,삐아,08대추당,231,221,223,2025-11-25 09:38:00
A20251125093800164677,liptint,삐아,07호두당,233,223,223,2025-11-25 09:38:00
A20251125093800236327,liptint,삐아,09살구퐁당,246,229,229,2025-11-25 09:38:00
A20251125093800732186,liptint,삐아,08대추당,231,221,223,2025-11-25 09:38:00
A20251125093800315332,liptint,삐아,10딸기퐁당,245,228,233,2025-11-25 09:38:00
A20251125093800280689,liptint,삐아,09살구퐁당,246,229,229,2025-11-25 09:38:00
A20251125093800255142,liptint,삐아,10딸기퐁당,245,228,233,2025-11-25 09:38:00
A20251125093800226402,liptint,삐아,11앵두퐁당,245,227,228,2025-11-25 09:38:00
A20251125093800181951,liptint,삐아,11앵두퐁당,245,227,228,2025-11-25 09:38:00
A20251125093800297766,liptint,삐아,12사과당,238,206,208,2025-11-25 09:38:00
A20251125093800754865,liptint,얼터너티브스테레오,NEW16호딸기무스볼,226,110,121,2025-11-25 09:38:00
A20251125093800174306,liptint,얼터너티브스테레오,NEW16호딸기무스볼,226,110,121,2025-11-25 09:38:00
A20251125093800336117,liptint,얼터너티브스테레오,NEW17호로즈쿠키볼,195,75,81,2025-11-25 09:38:00
A20251125093800183999,liptint,얼터너티브스테레오,NEW17호로즈쿠키볼,195,75,81,2025-11-25 09:38:00
A20251125093800231184,liptint,얼터너티브스테레오,NEW19호베리스무디볼,176,36,67,2025-11-25 09:38:00
A20251125093800105719,liptint,얼터너티브스테레오,NEW19호베리스무디볼,176,36,67,2025-11-25 09:38:00
A20251125093800730643,liptint,얼터너티브스테레오,NEW올영단독18호워터멜론볼,225,67,85,2025-11-25 09:38:00
A20251125093800338275,liptint,얼터너티브스테레오,NEW올영단독18호워터멜론볼,225,67,85,2025-11-25 09:38:00
A20251125093800209803,liptint,얼터너티브스테레오,1호누디볼,243,150,128,2025-11-25 09:38:00
A20251125093800203261,liptint,얼터너티브스테레오,1호누디볼,243,150,128,2025-11-25 09:38:00
A20251125093800174944,liptint,얼터너티브스테레오,1호밀크카라멜,241,230,227,2025-11-25 09:38:00
A20251125093800952722,liptint,얼터너티브스테레오,1호밀크카라멜,241,230,227,2025-11-25 09:38:00
A20251125093800239560,liptint,얼터너티브스테레오,2호로즈볼,216,107,100,2025-11-25 09:38:00
A20251125093800323242,liptint,얼터너티브스테레오,2호로즈볼,216,107,100,2025-11-25 09:38:00
A20251125093800292830,liptint,얼터너티브스테레오,2호바닐라로즈,242,227,227,2025-11-25 09:38:00
A20251125093800363406,liptint,얼터너티브스테레오,2호바닐라로즈,242,227,227,2025-11-25 09:38:00
A20251125093800128910,liptint,얼터너티브스테레오,3호바비볼,237,128,150,2025-11-25 09:38:00
A20251125093800715939,liptint,얼터너티브스테레오,3호바비볼,237,128,150,2025-11-25 09:38:00
A20251125093800290783,liptint,얼터너티브스테레오,3호솔티드핑크,239,224,226,2025-11-25 09:38:00
A20251125093800616143,liptint,얼터너티브스테레오,3호솔티드핑크,239,224,226,2025-11-25 09:38:00
A20251125093800135968,liptint,얼터너티브스테레오,4호토피로즈,236,221,221,2025-11-25 09:38:00
A20251125093800336445,liptint,얼터너티브스테레오,4호피치볼,249,151,136,2025-11-25 09:38:00
A20251125093800170825,liptint,얼터너티브스테레오,4호토피로즈,236,221,221,2025-11-25 09:38:00
A20251125093800268068,liptint,얼터너티브스테레오,4호피치볼,249,151,136,2025-11-25 09:38:00
A20251125093800162624,liptint,얼터너티브스테레오,5호모브볼,179,82,93,2025-11-25 09:38:00
00
A20251125093800330529,liptint,얼터너티브스테레오,9호코코볼,154,84,75,2025-11-25 09:38:00
00
A20251125093800291769,liptint,얼터너티브스테레오,9호코코볼,154,84,75,2025-11-25 09:38:00
A20251125093800200998,liptint,얼터너티브스테레오,10호와인볼,117,36,48,2025-11-25 09:38:00
A20251125093800338582,liptint,얼터너티브스테레오,10호와인볼,117,36,48,2025-11-25 09:38:00
A20251125093800239836,liptint,얼터너티브스테레오,11호돌리볼,253,162,181,2025-11-25 09:38:00
A20251125093800281221,liptint,얼터너티브스테레오,11호돌리볼,253,162,181,2025-11-25 09:38:01
A20251125093801287806,liptint,얼터너티브스테레오,12호라일락볼,238,154,173,2025-11-25 09:38:01
A20251125093801276755,liptint,얼터너티브스테레오,13호오디볼,194,92,110,2025-11-25 09:38:01
A20251125093801165448,liptint,얼터너티브스테레오,12호라일락볼,238,154,173,2025-11-25 09:38:01
A20251125093801231327,liptint,얼터너티브스테레오,14호밀크티볼,240,144,130,2025-11-25 09:38:01
A20251125093801261471,liptint,얼터너티브스테레오,13호오디볼,194,92,110,2025-11-25 09:38:01
A20251125093801235693,liptint,얼터너티브스테레오,15호피그볼,227,134,128,2025-11-25 09:38:01
A20251125093801183556,liptint,얼터너티브스테레오,14호밀크티볼,240,144,130,2025-11-25 09:38:01
A20251125093801201241,liptint,에스쁘아,NEW12호허니코트,190,109,117,2025-11-25 09:38:01
A20251125093801171259,liptint,얼터너티브스테레오,15호피그볼,227,134,128,2025-11-25 09:38:01
A20251125093801104889,liptint,에스쁘아,NEW13호로즈크레마,162,50,67,2025-11-25 09:38:01
A20251125093801337405,liptint,에스쁘아,NEW12호허니코트,190,109,117,2025-11-25 09:38:01
A20251125093801183890,liptint,에스쁘아,NEW단품1호애플소르베,243,42,62,2025-11-25 09:38:01
A20251125093801150074,liptint,에스쁘아,NEW13호로즈크레마,162,50,67,2025-11-25 09:38:01
A20251125093801277407,liptint,에스쁘아,NEW단품2호오드코랄,253,84,78,2025-11-25 09:38:01
A20251125093801575291,liptint,에스쁘아,NEW단품1호애플소르베,243,42,62,2025-11-25 09:38:01
A20251125093801214334,liptint,에스쁘아,NEW단품3호칠링칠링,226,112,119,2025-11-25 09:38:01
A20251125093801514114,liptint,에스쁘아,NEW단품2호오드코랄,253,84,78,2025-11-25 09:38:01
A20251125093801338509,liptint,에스쁘아,NEW단품4호허쉬드체리,149,9,39,2025-11-25 09:38:01
A20251125093801611320,liptint,에스쁘아,NEW단품3호칠링칠링,226,112,119,2025-11-25 09:38:01
A20251125093801120725,liptint,에스쁘아,NEW단품5호로사,232,83,99,2025-11-25 09:38:01
A20251125093801175194,liptint,에스쁘아,NEW단품4호허쉬드체리,149,9,39,2025-11-25 09:38:01
A20251125093801295523,liptint,에스쁘아,NEW단품6호브륄레,151,9,9,2025-11-25 09:38:01
A20251125093801904558,liptint,에스쁘아,NEW단품5호로사,232,83,99,2025-11-25 09:38:01
A20251125093801239744,liptint,에스쁘아,NEW단품7호스모크드,154,33,32,2025-11-25 09:38:01
A20251125093801279827,liptint,에스쁘아,NEW단품6호브륄레,151,9,9,2025-11-25 09:38:01
A20251125093801340074,liptint,에스쁘아,NEW단품8호페탈펀치,224,98,117,2025-11-25 09:38:01
A20251125093801297363,liptint,에스쁘아,NEW단품7호스모크드,154,33,32,2025-11-25 09:38:01
A20251125093801400206,liptint,에스쁘아,NEW단품9호핑키로우키,236,111,104,2025-11-25 09:38:01
A20251125093801264637,liptint,에스쁘아,NEW단품8호페탈펀치,224,98,117,2025-11-25 09:38:01
A20251125093801156644,liptint,에스쁘아,NEW단품10호언더모브,169,64,64,2025-11-25 09:38:01
A20251125093801181411,liptint,에스쁘아,NEW단품9호핑키로우키,236,111,104,2025-11-25 09:38:01
A20251125093801190844,liptint,에스쁘아,NEW단품11호버터벨,141,46,46,2025-11-25 09:38:01
A20251125093801109080,liptint,에스쁘아,NEW단품10호언더모브,169,64,64,2025-11-25 09:38:01
A20251125093801286357,liptint,에스쁘아,NEW단품12호체리소르베,195,13,60,2025-11-25 09:38:01
A20251125093801211803,liptint,에스쁘아,NEW단품11호버터벨,141,46,46,2025-11-25 09:38:01
A20251125093801303699,liptint,에스쁘아,NEW단품13호볼드베리,235,40,98,2025-11-25 09:38:01
A20251125093801861821,liptint,에스쁘아,NEW단품12호체리소르베,195,13,60,2025-11-25 09:38:01
A20251125093801298395,liptint,에스쁘아,NEW단품14호핑크팝,253,113,148,2025-11-25 09:38:01
A20251125093801310964,liptint,에스쁘아,NEW단품13호볼드베리,235,40,98,2025-11-25 09:38:01
A20251125093801262599,liptint,에스쁘아,NEW단품15호세레나데,210,84,105,2025-11-25 09:38:01
A20251125093801326274,liptint,에스쁘아,NEW단품14호핑크팝,253,113,148,2025-11-25 09:38:01
A20251125093801241199,liptint,에스쁘아,NEW단품16호마멀레이드,248,114,98,2025-11-25 09:38:01
A20251125093801613146,liptint,에스쁘아,NEW단품15호세레나데,210,84,105,2025-11-25 09:38:01
A20251125093801664663,liptint,에스쁘아,NEW단품17호진저피치,222,100,108,2025-11-25 09:38:01
A20251125093801127060,liptint,에스쁘아,NEW단품16호마멀레이드,248,114,98,2025-11-25 09:38:01
A20251125093801258054,liptint,에스쁘아,NEW단품18호통카,196,141,114,2025-11-25 09:38:01
A20251125093801229981,liptint,에스쁘아,NEW단품19호베리소다,206,87,116,2025-11-25 09:38:01
A20251125093801172497,liptint,에스쁘아,NEW단품17호진저피치,222,100,108,2025-11-25 09:38:01
A20251125093801542801,liptint,에스쁘아,NEW단품18호통카,196,141,114,2025-11-25 09:38:01
A20251125093801121021,liptint,에스쁘아,NEW단품20호플럼콩포트,127,20,48,2025-11-25 09:38:01
A20251125093801260915,liptint,에스쁘아,NEW단품19호베리소다,206,87,116,2025-11-25 09:38:01
A20251125093801281885,liptint,에스쁘아,NEW단품22호밀키허니,155,71,74,2025-11-25 09:38:01
A20251125093801189671,liptint,에스쁘아,NEW단품23호아포가토,135,54,56,2025-11-25 09:38:01
A20251125093801314405,liptint,에스쁘아,NEW단품20호플럼콩포트,127,20,48,2025-11-25 09:38:01
A20251125093801295534,liptint,에스쁘아,NEW단품22호밀키허니,155,71,74,2025-11-25 09:38:01
A20251125093801200016,liptint,에스쁘아,1호하이피레드,183,19,59,2025-11-25 09:38:01
A20251125093801433452,liptint,에스쁘아,NEW단품23호아포가토,135,54,56,2025-11-25 09:38:01
A20251125093801189255,liptint,에스쁘아,2호누가필링,233,129,118,2025-11-25 09:38:01
A20251125093801177312,liptint,에스쁘아,1호하이피레드,183,19,59,2025-11-25 09:38:01
A20251125093801964217,liptint,에스쁘아,3호사워피치,205,87,90,2025-11-25 09:38:01
A20251125093801134945,liptint,에스쁘아,2호누가필링,233,129,118,2025-11-25 09:38:01
A20251125093801176947,liptint,에스쁘아,4호프림누드,184,100,91,2025-11-25 09:38:01
A20251125093801128449,liptint,에스쁘아,3호사워피치,205,87,90,2025-11-25 09:38:01
A20251125093801299417,liptint,에스쁘아,5호문릿,184,73,71,2025-11-25 09:38:01
A20251125093801307225,liptint,에스쁘아,4호프림누드,184,100,91,2025-11-25 09:38:01
A20251125093801124727,liptint,에스쁘아,6호세레나데,192,88,97,2025-11-25 09:38:01
A20251125093801536308,liptint,에스쁘아,5호문릿,184,73,71,2025-11-25 09:38:01
A20251125093801504650,liptint,에스쁘아,7호베리타르트,218,69,101,2025-11-25 09:38:01
A20251125093801240434,liptint,에스쁘아,6호세레나데,192,88,97,2025-11-25 09:38:01
A20251125093801659256,liptint,에스쁘아,8호보바피그,181,96,101,2025-11-25 09:38:01
A20251125093801105949,liptint,에스쁘아,7호베리타르트,218,69,101,2025-11-25 09:38:01
A20251125093801276692,liptint,에스쁘아,9호타로모브,180,74,94,2025-11-25 09:38:01
A20251125093801515343,liptint,에스쁘아,8호보바피그,181,96,101,2025-11-25 09:38:01
A20251125093801153827,liptint,에스쁘아,10호플럼퓨레,107,14,32,2025-11-25 09:38:01
A20251125093801302973,liptint,에스쁘아,9호타로모브,180,74,94,2025-11-25 09:38:01
A20251125093801533358,liptint,오아드,000뉴테,167,91,81,2025-11-25 09:38:01
A20251125093801323783,liptint,에스쁘아,10호플럼퓨레,107,14,32,2025-11-25 09:38:01
A20251125093801252342,liptint,오아드,001러퍼,174,50,65,2025-11-25 09:38:01
A20251125093801117487,liptint,오아드,000뉴테,167,91,81,2025-11-25 09:38:01
A20251125093801157972,liptint,오아드,01슬릭코랄,243,229,228,2025-11-25 09:38:01
A20251125093801325013,liptint,오아드,001러퍼,174,50,65,2025-11-25 09:38:01
A20251125093801261264,liptint,오아드,002오드핀,211,91,89,2025-11-25 09:38:01
A20251125093801281806,liptint,오아드,01슬릭코랄,243,229,228,2025-11-25 09:38:01
A20251125093801299595,liptint,오아드,02피치피즈,245,231,231,2025-11-25 09:38:01
A20251125093801192087,liptint,오아드,002오드핀,211,91,89,2025-11-25 09:38:01
A20251125093801751906,liptint,오아드,003블런토,182,64,41,2025-11-25 09:38:01
A20251125093801327672,liptint,오아드,02피치피즈,245,231,231,2025-11-25 09:38:01
A20251125093801137617,liptint,오아드,03뉴로,242,228,229,2025-11-25 09:38:01
A20251125093801134865,liptint,오아드,003블런토,182,64,41,2025-11-25 09:38:02
A20251125093801244997,liptint,오아드,004로지트,230,74,96,2025-11-25 09:38:02
A20251125093802145218,liptint,오아드,03뉴로,242,228,229,2025-11-25 09:38:02
A20251125093802288095,liptint,오아드,04틴,241,227,229,2025-11-25 09:38:02
A20251125093802217478,liptint,오아드,004로지트,230,74,96,2025-11-25 09:38:02
A20251125093802299695,liptint,오아드,005위얼브,115,45,33,2025-11-25 09:38:02
A20251125093802221096,liptint,오아드,04틴,241,227,229,2025-11-25 09:38:02
A20251125093802249619,liptint,오아드,05포그베이,239,232,232,2025-11-25 09:38:02
A20251125093802146887,liptint,오아드,005위얼브,115,45,33,2025-11-25 09:38:02
A20251125093802278871,liptint,오아드,006윈토,110,42,60,2025-11-25 09:38:02
A20251125093802227301,liptint,오아드,05포그베이,239,232,232,2025-11-25 09:38:02
A20251125093802640602,liptint,오아드,06로지마롱,236,226,225,2025-11-25 09:38:02
A20251125093802784205,liptint,오아드,006윈토,110,42,60,2025-11-25 09:38:02
A20251125093802284704,liptint,오아드,06로지마롱,236,226,225,2025-11-25 09:38:02
A20251125093802293008,liptint,오아드,007코랄린,242,123,105,2025-11-25 09:38:02
A20251125093802165530,liptint,오아드,07애플리,241,222,226,2025-11-25 09:38:02
A20251125093802273264,liptint,오아드,07애플리,241,222,226,2025-11-25 09:38:02
A20251125093802257604,liptint,오아드,008브로위,83,35,23,2025-11-25 09:38:02
A20251125093802124038,liptint,오아드,008브로위,83,35,23,2025-11-25 09:38:02
A20251125093802109089,liptint,오아드,08버니잼,244,225,230,2025-11-25 09:38:02
A20251125093802169022,liptint,오아드,08버니잼,244,225,230,2025-11-25 09:38:02
A20251125093802145104,liptint,오아드,09밋베리,238,224,227,2025-11-25 09:38:02
A20251125093802272108,liptint,오아드,10뮤모브,231,223,226,2025-11-25 09:38:02
A20251125093802722506,liptint,오아드,09밋베리,238,224,227,2025-11-25 09:38:02
A20251125093802113802,liptint,캔메이크,01버터스카치,205,105,95,2025-11-25 09:38:02
A20251125093802214865,liptint,오아드,10뮤모브,231,223,226,2025-11-25 09:38:02
A20251125093802181005,liptint,캔메이크,02모모,216,97,106,2025-11-25 09:38:02
A20251125093802616746,liptint,캔메이크,01버터스카치,205,105,95,2025-11-25 09:38:02
A20251125093802391508,liptint,캔메이크,02모모,216,97,106,2025-11-25 09:38:02
A20251125093802130147,liptint,캔메이크,03와인베리,211,86,110,2025-11-25 09:38:02
A20251125093802297722,liptint,캔메이크,03와인베리,211,86,110,2025-11-25 09:38:02
A20251125093802265658,liptint,캔메이크,05피그퓨레,213,90,90,2025-11-25 09:38:02
A20251125093802931088,liptint,캔메이크,05피그퓨레,213,90,90,2025-11-25 09:38:02
A20251125093802114222,liptint,캔메이크,06라즈베리케익,246,131,166,2025-11-25 09:38:02
A20251125093802219287,liptint,캔메이크,07후르츠오레,221,99,102,2025-11-25 09:38:02
A20251125093802279311,liptint,캔메이크,06라즈베리케익,246,131,166,2025-11-25 09:38:02
A20251125093802901922,liptint,컬러그램,01살구살몬,237,214,208,2025-11-25 09:38:02
A20251125093802186625,liptint,캔메이크,07후르츠오레,221,99,102,2025-11-25 09:38:02
A20251125093802891158,liptint,컬러그램,01살구살몬,237,214,208,2025-11-25 09:38:02
A20251125093802240964,liptint,컬러그램,02플러핑크,238,219,219,2025-11-25 09:38:02
A20251125093802581630,liptint,컬러그램,02플러핑크,238,219,219,2025-11-25 09:38:02
A20251125093802728128,liptint,컬러그램,03피그블리,230,205,203,2025-11-25 09:38:02
A20251125093802172603,liptint,컬러그램,03피그블리,230,205,203,2025-11-25 09:38:02
A20251125093802148907,liptint,컬러그램,04코랄릿,236,201,202,2025-11-25 09:38:02
A20251125093802279926,liptint,컬러그램,04코랄릿,236,201,202,2025-11-25 09:38:02
A20251125093802165798,liptint,컬러그램,05레드티지,225,198,200,2025-11-25 09:38:02
A20251125093802130042,liptint,컬러그램,05레드티지,225,198,200,2025-11-25 09:38:02
A20251125093802256293,liptint,컬러그램,06베리비키,229,197,200,2025-11-25 09:38:02
A20251125093802204011,liptint,컬러그램,06베리비키,229,197,200,2025-11-25 09:38:02
A20251125093802329998,liptint,컬러그램,07긱로즈,217,194,196,2025-11-25 09:38:02
A20251125093802745632,liptint,컬러그램,08힙초콜릿,210,190,186,2025-11-25 09:38:02
A20251125093802193560,liptint,컬러그램,07긱로즈,217,194,196,2025-11-25 09:38:02
A20251125093802319321,liptint,컬러그램,09바미레드,219,195,198,2025-11-25 09:38:02
A20251125093802178913,liptint,컬러그램,08힙초콜릿,210,190,186,2025-11-25 09:38:02
A20251125093802235986,liptint,컬러그램,09바미레드,219,195,198,2025-11-25 09:38:02
A20251125093802103551,liptint,컬러그램,10데드로즈,222,199,202,2025-11-25 09:38:02
A20251125093802220814,liptint,컬러그램,10데드로즈,222,199,202,2025-11-25 09:38:02
A20251125093802931753,liptint,컬러그램,11딥초콜릿,223,203,202,2025-11-25 09:38:02
A20251125093802272072,liptint,컬러그램,11딥초콜릿,223,203,202,2025-11-25 09:38:02
A20251125093802221948,liptint,컬러그램,12플럼디헬,212,192,195,2025-11-25 09:38:02
A20251125093802150706,liptint,컬러그램,12플럼디헬,212,192,195,2025-11-25 09:38:02
A20251125093802118527,liptint,컬러그램,13번트마롱,215,195,195,2025-11-25 09:38:02
A20251125093802146208,liptint,컬러그램,13번트마롱,215,195,195,2025-11-25 09:38:02
A20251125093802217923,liptint,컬러그램,14딸기멜로,241,220,221,2025-11-25 09:38:02
A20251125093802223704,liptint,컬러그램,14딸기멜로,241,220,221,2025-11-25 09:38:02
A20251125093802242270,liptint,컬러그램,15살구라이트,245,212,207,2025-11-25 09:38:02
A20251125093802653432,liptint,컬러그램,15살구라이트,245,212,207,2025-11-25 09:38:02
A20251125093802137132,liptint,컬러그램,16로코코랄,241,205,205,2025-11-25 09:38:02
A20251125093802294848,liptint,컬러그램,16로코코랄,241,205,205,2025-11-25 09:38:02
A20251125093802310149,liptint,컬러그램,17이븐피치,243,209,212,2025-11-25 09:38:02
A20251125093802308546,liptint,컬러그램,17이븐피치,243,209,212,2025-11-25 09:38:02
A20251125093802105729,liptint,컬러그램,18베리몰리,236,196,199,2025-11-25 09:38:02
A20251125093802304900,liptint,컬러그램,18베리몰리,236,196,199,2025-11-25 09:38:02
A20251125093802193539,liptint,클리오,01빈티지애플,192,76,80,2025-11-25 09:38:02
A20251125093802103171,liptint,클리오,01빈티지애플,192,76,80,2025-11-25 09:38:02
A20251125093802279532,liptint,클리오,03블러쉬드피치,248,121,150,2025-11-25 09:38:02
A20251125093802324682,liptint,클리오,03블러쉬드피치,248,121,150,2025-11-25 09:38:02
A20251125093802182765,liptint,클리오,04페일플럼,209,108,134,2025-11-25 09:38:02
A20251125093802309462,liptint,클리오,04페일플럼,209,108,134,2025-11-25 09:38:02
A20251125093802859797,liptint,클리오,05프레쉬체리,204,53,91,2025-11-25 09:38:02
A20251125093802361284,liptint,클리오,05프레쉬체리,204,53,91,2025-11-25 09:38:02
A20251125093802486360,liptint,클리오,06데일리모브,223,104,123,2025-11-25 09:38:02
A20251125093802629594,liptint,클리오,06데일리모브,223,104,123,2025-11-25 09:38:02
A20251125093802265131,liptint,클리오,08젠틀시나몬,207,104,106,2025-11-25 09:38:02
A20251125093802147490,liptint,클리오,08젠틀시나몬,207,104,106,2025-11-25 09:38:03
A20251125093803223852,liptint,클리오,09베어피치,237,117,111,2025-11-25 09:38:03
A20251125093803910424,liptint,클리오,09베어피치,237,117,111,2025-11-25 09:38:03
A20251125093803149229,liptint,클리오,10베이비베리,236,69,111,2025-11-25 09:38:03
A20251125093803335754,liptint,클리오,10베이비베리,236,69,111,2025-11-25 09:38:03
A20251125093803105492,liptint,클리오,11멜로우피그,233,135,124,2025-11-25 09:38:03
A20251125093803238430,liptint,클리오,11멜로우피그,233,135,124,2025-11-25 09:38:03
A20251125093803305348,liptint,클리오,12파이어리로즈,217,61,98,2025-11-25 09:38:03
A20251125093803138017,liptint,클리오,12파이어리로즈,217,61,98,2025-11-25 09:38:03
A20251125093803157930,liptint,클리오,13코숏진주코랄,251,145,108,2025-11-25 09:38:03
A20251125093803225899,liptint,클리오,13코숏진주코랄,251,145,108,2025-11-25 09:38:03
A20251125093803337403,liptint,클리오,14하트핑크다이아,244,85,126,2025-11-25 09:38:03
A20251125093803185373,liptint,클리오,14하트핑크다이아,244,85,126,2025-11-25 09:38:03
A20251125093803376969,liptint,클리오,15그루밍피치오팔,219,117,90,2025-11-25 09:38:03
A20251125093803156463,liptint,클리오,15그루밍피치오팔,219,117,90,2025-11-25 09:38:03
A20251125093803117591,liptint,클리오,16럭셔리모브루비,223,75,126,2025-11-25 09:38:03
A20251125093803321540,liptint,클리오,16럭셔리모브루비,223,75,126,2025-11-25 09:38:03
A20251125093803916296,liptint,클리오,17클래식애플,236,75,91,2025-11-25 09:38:03
A20251125093803201790,liptint,클리오,17클래식애플,236,75,91,2025-11-25 09:38:03
A20251125093803607659,liptint,클리오,18프레쉬애플,228,112,130,2025-11-25 09:38:03
A20251125093803195478,liptint,클리오,18프레쉬애플,228,112,130,2025-11-25 09:38:03
A20251125093803163488,liptint,클리오,19베이비애플,233,112,112,2025-11-25 09:38:03
A20251125093803132176,liptint,클리오,19베이비애플,233,112,112,2025-11-25 09:38:03
A20251125093803210501,liptint,클리오,20바닐라애플,221,124,106,2025-11-25 09:38:03
A20251125093803148868,liptint,클리오,20바닐라애플,221,124,106,2025-11-25 09:38:03
A20251125093803168293,liptint,클리오,25다크체리,190,54,96,2025-11-25 09:38:03
A20251125093803857508,liptint,클리오,25다크체리,190,54,96,2025-11-25 09:38:03
A20251125093803268015,liptint,클리오,26모브체리,180,86,110,2025-11-25 09:38:03
A20251125093803105219,liptint,클리오,26모브체리,180,86,110,2025-11-25 09:38:03
A20251125093803198619,liptint,클리오,27허니체리,221,95,113,2025-11-25 09:38:03
A20251125093803193789,liptint,클리오,27허니체리,221,95,113,2025-11-25 09:38:03
A20251125093803584202,liptint,클리오,28드라이체리,189,78,94,2025-11-25 09:38:03
A20251125093803324911,liptint,클리오,28드라이체리,189,78,94,2025-11-25 09:38:03
A20251125093803330708,liptint,토니모리,올영단독S03애플쇼킹,214,149,153,2025-11-25 09:38:03
A20251125093803487731,liptint,토니모리,올영단독S03애플쇼킹,214,149,153,2025-11-25 09:38:03
A20251125093803203651,liptint,토니모리,올영단독S04그레이프쇼킹,207,164,182,2025-11-25 09:38:03
A20251125093803127157,liptint,토니모리,올영단독S04그레이프쇼킹,207,164,182,2025-11-25 09:38:03
A20251125093803328335,liptint,토니모리,주토피아콜라보N16하트럼쇼킹,243,181,191,2025-11-25 09:38:03
A20251125093803620030,liptint,토니모리,주토피아콜라보N16하트럼쇼킹,243,181,191,2025-11-25 09:38:03
A20251125093803605641,liptint,토니모리,주토피아콜라보S05선셋볼쇼킹,236,168,154,2025-11-25 09:38:03
A20251125093803991406,liptint,토니모리,주토피아콜라보S05선셋볼쇼킹,236,168,154,2025-11-25 09:38:03
A20251125093803262064,liptint,토니모리,N01루비쇼킹,156,67,45,2025-11-25 09:38:03
A20251125093803113344,liptint,토니모리,N01루비쇼킹,156,67,45,2025-11-25 09:38:03
A20251125093803155311,liptint,토니모리,N02토마토쇼킹,153,30,41,2025-11-25 09:38:03
A20251125093803177094,liptint,토니모리,N02토마토쇼킹,153,30,41,2025-11-25 09:38:03
A20251125093803169020,liptint,토니모리,N03코랄쇼킹,133,44,41,2025-11-25 09:38:03
A20251125093803564594,liptint,토니모리,N03코랄쇼킹,133,44,41,2025-11-25 09:38:03
A20251125093803249912,liptint,토니모리,N04핑크쇼킹,156,26,64,2025-11-25 09:38:03
A20251125093803735035,liptint,토니모리,N04핑크쇼킹,156,26,64,2025-11-25 09:38:03
A20251125093803319908,liptint,토니모리,N05페탈쇼킹,146,24,44,2025-11-25 09:38:03
A20251125093803818003,liptint,토니모리,N05페탈쇼킹,146,24,44,2025-11-25 09:38:03
A20251125093803853264,liptint,토니모리,N06레드쇼킹,102,23,41,2025-11-25 09:38:03
A20251125093803320946,liptint,토니모리,N06레드쇼킹,102,23,41,2025-11-25 09:38:03
A20251125093803200848,liptint,토니모리,N07번트로즈쇼킹,127,27,33,2025-11-25 09:38:03
A20251125093803198211,liptint,토니모리,N07번트로즈쇼킹,127,27,33,2025-11-25 09:38:03
A20251125093803194041,liptint,토니모리,N08로즈쇼킹,141,78,78,2025-11-25 09:38:03
A20251125093803136526,liptint,토니모리,N08로즈쇼킹,141,78,78,2025-11-25 09:38:03
A20251125093803248573,liptint,토니모리,N09플럼쇼킹,102,40,52,2025-11-25 09:38:03
A20251125093803286905,liptint,토니모리,N09플럼쇼킹,102,40,52,2025-11-25 09:38:03
A20251125093803499112,liptint,토니모리,N10모브쇼킹,133,72,79,2025-11-25 09:38:03
A20251125093803219002,liptint,토니모리,N10모브쇼킹,133,72,79,2025-11-25 09:38:03
A20251125093803882940,liptint,토니모리,N11로제트쇼킹,232,132,156,2025-11-25 09:38:03
A20251125093803655656,liptint,토니모리,N11로제트쇼킹,232,132,156,2025-11-25 09:38:03
A20251125093803194289,liptint,토니모리,N12페어리쇼킹,228,177,182,2025-11-25 09:38:03
A20251125093803149566,liptint,토니모리,N12페어리쇼킹,228,177,182,2025-11-25 09:38:03
A20251125093803298023,liptint,토니모리,N13애프리콧쇼킹,226,170,167,2025-11-25 09:38:03
A20251125093803169349,liptint,토니모리,N13애프리콧쇼킹,226,170,167,2025-11-25 09:38:03
A20251125093803329788,liptint,토니모리,N14피치쇼킹,229,177,181,2025-11-25 09:38:03
A20251125093803171294,liptint,토니모리,S01오렌지쇼킹,239,168,136,2025-11-25 09:38:03
A20251125093803292346,liptint,토니모리,S01오렌지쇼킹,239,168,136,2025-11-25 09:38:03
A20251125093803165227,liptint,토니모리,S02브릭쇼킹,216,168,163,2025-11-25 09:38:03
A20251125093803159052,liptint,투크,단품01네이키드,176,99,81,2025-11-25 09:38:03
A20251125093803767324,liptint,투크,단품02겟러브,217,86,94,2025-11-25 09:38:03
A20251125093803238133,liptint,투크,단품02겟러브,217,86,94,2025-11-25 09:38:03
A20251125093803221074,liptint,투크,단품06로맨스,232,94,92,2025-11-25 09:38:03
A20251125093803299720,liptint,투크,단품06로맨스,232,94,92,2025-11-25 09:38:03
A20251125093803161486,liptint,투크,단품11네이키드핑크,166,70,82,2025-11-25 09:38:03
A20251125093803126965,liptint,투크,단품11네이키드핑크,166,70,82,2025-11-25 09:38:03
A20251125093803204292,liptint,투크,단품12조지아,226,111,117,2025-11-25 09:38:03
A20251125093803829112,liptint,투크,단품12조지아,226,111,117,2025-11-25 09:38:03
A20251125093803189115,liptint,투크,03보니타,158,67,77,2025-11-25 09:38:03
A20251125093803232685,liptint,투크,03보니타,158,67,77,2025-11-25 09:38:03
A20251125093803210811,liptint,투크,04베를린,180,84,74,2025-11-25 09:38:03
A20251125093803300452,liptint,투크,04베를린,180,84,74,2025-11-25 09:38:03
A20251125093803238617,liptint,투크,05산스,175,39,59,2025-11-25 09:38:03
A20251125093803548391,liptint,투크,05산스,175,39,59,2025-11-25 09:38:03
A20251125093803131821,liptint,투크,07지지,163,77,98,2025-11-25 09:38:03
A20251125093803305637,liptint,투크,07지지,163,77,98,2025-11-25 09:38:03
A20251125093803479927,liptint,투크,10유레카,246,103,114,2025-11-25 09:38:03
A20251125093803189917,liptint,투크,10유레카,246,103,114,2025-11-25 09:38:03
A20251125093803265127,liptint,투크,13엔젤애플,168,62,53,2025-11-25 09:38:03
A20251125093803965688,liptint,투크,13엔젤애플,168,62,53,2025-11-25 09:38:03
A20251125093803300007,liptint,투크,14차밍,183,64,95,2025-11-25 09:38:03
A20251125093803584664,liptint,투크,14차밍,183,64,95,2025-11-25 09:38:03
A20251125093803283192,liptint,투크,15모던핑크,216,75,87,2025-11-25 09:38:03
A20251125093803322006,liptint,투크,15모던핑크,216,75,87,2025-11-25 09:38:03
A20251125093803303448,liptint,투크,16베어애프리콧,232,129,103,2025-11-25 09:38:03
A20251125093803315954,liptint,투크,16베어애프리콧,232,129,103,2025-11-25 09:38:03
A20251125093803217856,liptint,투크,17노체핑크,218,123,151,2025-11-25 09:38:03
A20251125093803123133,liptint,퓌,01스위티듀,197,110,132,2025-11-25 09:38:04
4
A20251125093804126009,liptint,퓌,01스위티듀,197,110,132,2025-11-25 09:38:04
A20251125093804112822,liptint,퓌,03위듀아웃,207,111,121,2025-11-25 09:38:04
A20251125093804313442,liptint,퓌,02바닐라듀,217,111,117,2025-11-25 09:38:04
A20251125093804150450,liptint,퓌,04멜바듀,223,112,105,2025-11-25 09:38:04
A20251125093804211823,liptint,퓌,03위듀아웃,207,111,121,2025-11-25 09:38:04
A20251125093804231508,liptint,퓌,06베리팝,196,80,111,2025-11-25 09:38:04
A20251125093804169914,liptint,퓌,04멜바듀,223,112,105,2025-11-25 09:38:04
A20251125093804157597,liptint,퓌,07피치팝,210,85,99,2025-11-25 09:38:04
A20251125093804276875,liptint,퓌,06베리팝,196,80,111,2025-11-25 09:38:04
A20251125093804181816,liptint,퓌,07피치팝,210,85,99,2025-11-25 09:38:04
A20251125093804248148,liptint,퓌,08리치팝,202,89,84,2025-11-25 09:38:04
A20251125093804125025,liptint,퓌,08리치팝,202,89,84,2025-11-25 09:38:04
A20251125093804507398,liptint,퓌,09애플딥,195,71,79,2025-11-25 09:38:04
A20251125093804148606,liptint,퓌,09애플딥,195,71,79,2025-11-25 09:38:04
A20251125093804142642,liptint,퓌,10체리딥,175,65,90,2025-11-25 09:38:04
A20251125093804301219,liptint,퓌,10체리딥,175,65,90,2025-11-25 09:38:04
A20251125093804235784,liptint,퓌,11플럼딥,157,58,90,2025-11-25 09:38:04
A20251125093804169617,liptint,퓌,11플럼딥,157,58,90,2025-11-25 09:38:04
A20251125093804146682,liptint,퓌,12피그딥,191,84,90,2025-11-25 09:38:04
A20251125093804306649,liptint,퓌,12피그딥,191,84,90,2025-11-25 09:38:04
A20251125093804184737,liptint,힌스,NEW26로즈프레소,221,180,175,2025-11-25 09:38:04
A20251125093804639878,liptint,힌스,NEW26로즈프레소,221,180,175,2025-11-25 09:38:04
A20251125093804197229,liptint,힌스,NEW27얼루어로즈,215,175,180,2025-11-25 09:38:04
A20251125093804246994,liptint,힌스,NEW27얼루어로즈,215,175,180,2025-11-25 09:38:04
A20251125093804322501,liptint,힌스,01베어,240,189,179,2025-11-25 09:38:04
A20251125093804767445,liptint,힌스,01베어,240,189,179,2025-11-25 09:38:04
A20251125093804328385,liptint,힌스,02로로즈,241,167,167,2025-11-25 09:38:04
A20251125093804114303,liptint,힌스,02로로즈,241,167,167,2025-11-25 09:38:04
A20251125093804126408,liptint,힌스,03로프리콧,238,167,162,2025-11-25 09:38:04
A20251125093804335827,liptint,힌스,03로프리콧,238,167,162,2025-11-25 09:38:04
A20251125093804238027,liptint,힌스,04피버,234,157,163,2025-11-25 09:38:04
A20251125093804176044,liptint,힌스,04피버,234,157,163,2025-11-25 09:38:04
A20251125093804205442,liptint,힌스,05히비스커스,232,142,163,2025-11-25 09:38:04
A20251125093804271955,liptint,힌스,05히비스커스,232,142,163,2025-11-25 09:38:04
A20251125093804217929,liptint,힌스,06로그레이프,223,168,179,2025-11-25 09:38:04
A20251125093804574526,liptint,힌스,06로그레이프,223,168,179,2025-11-25 09:38:04
A20251125093804101467,liptint,힌스,07칠,198,144,156,2025-11-25 09:38:04
A20251125093804216235,liptint,힌스,07칠,198,144,156,2025-11-25 09:38:04
A20251125093804692540,liptint,힌스,08레어,241,191,192,2025-11-25 09:38:04
A20251125093804156493,liptint,힌스,08레어,241,191,192,2025-11-25 09:38:04
A20251125093804189262,liptint,힌스,09로라일락,237,175,191,2025-11-25 09:38:04
A20251125093804219085,liptint,힌스,09로라일락,237,175,191,2025-11-25 09:38:04
A20251125093804244823,liptint,힌스,10로체리,206,138,157,2025-11-25 09:38:04
A20251125093804241790,liptint,힌스,10로체리,206,138,157,2025-11-25 09:38:04
A20251125093804158857,liptint,힌스,11차이,227,185,180,2025-11-25 09:38:04
A20251125093804540464,liptint,힌스,12로휘그,236,182,184,2025-11-25 09:38:04
A20251125093804252569,liptint,힌스,12로휘그,236,182,184,2025-11-25 09:38:04
A20251125093804298964,liptint,힌스,13핑크페퍼,247,183,189,2025-11-25 09:38:04
A20251125093804150080,liptint,힌스,13핑크페퍼,247,183,189,2025-11-25 09:38:04
A20251125093804573548,liptint,힌스,14로코코,222,177,169,2025-11-25 09:38:04
A20251125093804294630,liptint,힌스,14로코코,222,177,169,2025-11-25 09:38:04
A20251125093804292360,liptint,힌스,15바이트,218,148,161,2025-11-25 09:38:04
A20251125093804860287,liptint,힌스,16로베리,243,187,197,2025-11-25 09:38:04
A20251125093804163601,liptint,힌스,15바이트,218,148,161,2025-11-25 09:38:04
A20251125093804303702,liptint,힌스,16로베리,243,187,197,2025-11-25 09:38:04
A20251125093804180258,liptint,힌스,17로피치,249,194,196,2025-11-25 09:38:04
A20251125093804100473,liptint,힌스,17로피치,249,194,196,2025-11-25 09:38:04
